identity_id,identity_name,identity_role,organization,organization_type,usual_hours,usual_days,avg_messages_per_active_day,usual_sender_domain,common_recipient_type,avg_message_length,common_request_types,usual_channel,data_type
ID-0001,Mohan Charan Majhi,Chief Minister,Government of Odisha,Government,Afternoon,Weekdays,1.11,nic.in,Internal Contacts,387.8,"payment, banking/beneficiary, access/credentials, document, data/records, approval, deadline/filing, contact/coordination, meeting, assistance/informal",Email,DERIVED_FROM_DATASET2_500_FINAL_V7_LEGITIMATE_RECORDS
ID-0002,Hemant Sharma,Additional Chief Secretary,Government of Odisha,Government,Morning,"Monday, Tuesday, Wednesday, Thursday, Saturday, Sunday",1.0,nic.in,Internal Contacts,453.2,"payment, banking/beneficiary, access/credentials, document, data/records, approval, deadline/filing, contact/coordination, meeting, assistance/informal",Email,DERIVED_FROM_DATASET2_500_FINAL_V7_LEGITIMATE_RECORDS
ID-0003,Anuj Kumar Das Pattanaik,Director,"Information & Public Relations Department, Odisha",Government,Morning,All Days,1.0,gov.in,Internal Contacts,468.2,"payment, banking/beneficiary, access/credentials, document, data/records, approval, deadline/filing, contact/coordination, meeting, assistance/informal",Email,DERIVED_FROM_DATASET2_500_FINAL_V7_LEGITIMATE_RECORDS
ID-0004,Pruthwee Raj Pani,AFA-cum-Under Secretary,"Information & Public Relations Department, Odisha",Government,Mixed,"Monday, Tuesday, Wednesday, Thursday, Friday, Sunday",1.11,gmail.com,Internal Contacts,496.6,"payment, banking/beneficiary, access/credentials, document, data/records, approval, deadline/filing, contact/coordination, meeting, assistance/informal",Email,DERIVED_FROM_DATASET2_500_FINAL_V7_LEGITIMATE_RECORDS
ID-0005,Parthasarathi Mallick,PIO-cum-Under Secretary,"Information & Public Relations Department, Odisha",Government,Afternoon,"Monday, Wednesday, Thursday, Saturday, Sunday",1.0,nic.in,Internal Contacts,453.9,"payment, banking/beneficiary, access/credentials, document, data/records, approval, deadline/filing, contact/coordination, meeting, assistance/informal",Email,DERIVED_FROM_DATASET2_500_FINAL_V7_LEGITIMATE_RECORDS
ID-0006,Sanjeeb Kumar Mishra,Principal Secretary,"Finance Department, Odisha",Government,Mixed,"Monday, Tuesday, Thursday, Friday, Saturday, Sunday",1.0,nic.in,Internal Contacts,457.1,"payment, banking/beneficiary, access/credentials, document, data/records, approval, deadline/filing, contact/coordination, meeting, assistance/informal",Email,DERIVED_FROM_DATASET2_500_FINAL_V7_LEGITIMATE_RECORDS
ID-0007,Yamini Sarangi,Special Secretary,"Finance Department, Odisha",Government,Afternoon,"Monday, Tuesday, Wednesday, Saturday, Sunday",1.0,nic.in,Internal Contacts,410.1,"payment, banking/beneficiary, access/credentials, document, data/records, approval, deadline/filing, contact/coordination, meeting, assistance/informal",Email,DERIVED_FROM_DATASET2_500_FINAL_V7_LEGITIMATE_RECORDS
ID-0008,Satyapriya Rath,Director (Budget)-cum-Additional Secretary,"Finance Department, Odisha",Government,Mixed,"Monday, Tuesday, Wednesday, Thursday, Sunday",1.0,nic.in,Internal Contacts,446.3,"payment, banking/beneficiary, access/credentials, document, data/records, approval, deadline/filing, contact/coordination, meeting, assistance/informal",Email,DERIVED_FROM_DATASET2_500_FINAL_V7_LEGITIMATE_RECORDS
ID-0009,Krushna Chandra Satpathy,Additional Secretary,"Finance Department, Odisha",Government,Afternoon,"Monday, Wednesday, Thursday, Saturday, Sunday",1.0,nic.in,Internal Contacts,430.3,"payment, banking/beneficiary, access/credentials, document, data/records, approval, deadline/filing, contact/coordination, meeting, assistance/informal",Email,DERIVED_FROM_DATASET2_500_FINAL_V7_LEGITIMATE_RECORDS
ID-0010,Saumyajit Rout,Joint Secretary,"Finance Department, Odisha",Government,Morning,"Monday, Tuesday, Wednesday, Friday, Saturday, Sunday",1.0,gmail.com,Internal Contacts,412.6,"payment, banking/beneficiary, access/credentials, document, data/records, approval, deadline/filing, contact/coordination, meeting, assistance/informal",Email,DERIVED_FROM_DATASET2_500_FINAL_V7_LEGITIMATE_RECORDS
ID-0011,Saswata Mishra,Additional Chief Secretary to Chief Minister,"Chief Minister's Office, Odisha",Government,Afternoon,"Monday, Tuesday, Wednesday, Thursday, Friday, Saturday",1.0,nic.in,Internal Contacts,394.4,"payment, banking/beneficiary, access/credentials, document, data/records, approval, deadline/filing, contact/coordination, meeting, assistance/informal",Email,DERIVED_FROM_DATASET2_500_FINAL_V7_LEGITIMATE_RECORDS
ID-0012,Manoj Kumar Sahoo,Private Secretary to Chief Minister,"Chief Minister's Office, Odisha",Government,Afternoon,"Monday, Tuesday, Friday, Saturday, Sunday",1.0,nic.in,External Contacts,475.3,"payment, banking/beneficiary, access/credentials, document, data/records, approval, deadline/filing, contact/coordination, meeting, assistance/informal",Email,DERIVED_FROM_DATASET2_500_FINAL_V7_LEGITIMATE_RECORDS
ID-0013,Anupam Saha,Additional Secretary to Chief Minister,"Chief Minister's Office, Odisha",Government,Afternoon,All Days,1.0,nic.in,Internal Contacts,434.6,"payment, banking/beneficiary, access/credentials, document, data/records, approval, deadline/filing, contact/coordination, meeting, assistance/informal",Email,DERIVED_FROM_DATASET2_500_FINAL_V7_LEGITIMATE_RECORDS
ID-0014,Prasanna Kumar Sarangi,OSD-cum-Special Secretary to Chief Minister,"Chief Minister's Office, Odisha",Government,Afternoon,"Monday, Wednesday, Friday, Saturday, Sunday",1.0,nic.in,Internal Contacts,463.8,"payment, banking/beneficiary, access/credentials, document, data/records, approval, deadline/filing, contact/coordination, meeting, assistance/informal",Email,DERIVED_FROM_DATASET2_500_FINAL_V7_LEGITIMATE_RECORDS
ID-0015,Mirdha Toppo,Special Secretary to Chief Minister,"Chief Minister's Office, Odisha",Government,Evening,"Monday, Wednesday, Thursday, Friday, Saturday, Sunday",1.0,nic.in,External Contacts,434.9,"payment, banking/beneficiary, access/credentials, document, data/records, approval, deadline/filing, contact/coordination, meeting, assistance/informal",Email,DERIVED_FROM_DATASET2_500_FINAL_V7_LEGITIMATE_RECORDS
ID-0016,Chitrasen Rout,Additional Secretary to Chief Minister,"Chief Minister's Office, Odisha",Government,Afternoon,"Monday, Tuesday, Thursday, Friday, Saturday",1.0,nic.in,Internal Contacts,457.1,"payment, banking/beneficiary, access/credentials, document, data/records, approval, deadline/filing, contact/coordination, meeting, assistance/informal",Email,DERIVED_FROM_DATASET2_500_FINAL_V7_LEGITIMATE_RECORDS
ID-0017,Umesh Chandra Tripathy,Additional Secretary to Chief Minister,"Chief Minister's Office, Odisha",Government,Afternoon,All Days,1.0,nic.in,Internal Contacts,478.5,"payment, banking/beneficiary, access/credentials, document, data/records, approval, deadline/filing, contact/coordination, meeting, assistance/informal",Email,DERIVED_FROM_DATASET2_500_FINAL_V7_LEGITIMATE_RECORDS
ID-0018,Trilochan Mohanty,Joint Secretary to Chief Minister,"Chief Minister's Office, Odisha",Government,Afternoon,"Tuesday, Wednesday, Thursday, Friday, Saturday, Sunday",1.0,nic.in,Internal Contacts,453.4,"payment, banking/beneficiary, access/credentials, document, data/records, approval, deadline/filing, contact/coordination, meeting, assistance/informal",Email,DERIVED_FROM_DATASET2_500_FINAL_V7_LEGITIMATE_RECORDS
ID-0019,Pradip Kumar Samal,PIO-cum-Under Secretary to Chief Minister,"Chief Minister's Office, Odisha",Government,Afternoon,"Monday, Tuesday, Thursday, Friday, Sunday",1.0,od.gov.in,Internal Contacts,466.4,"payment, banking/beneficiary, access/credentials, document, data/records, approval, deadline/filing, contact/coordination, meeting, assistance/informal",Email,DERIVED_FROM_DATASET2_500_FINAL_V7_LEGITIMATE_RECORDS
ID-0020,Hemant Sharma,Additional Chief Secretary,"Home Department, Odisha",Government,Afternoon,"Monday, Tuesday, Thursday, Saturday",1.0,od.gov.in,Internal Contacts,429.2,"payment, banking/beneficiary, access/credentials, document, data/records, approval, deadline/filing, contact/coordination, meeting, assistance/informal",Email,DERIVED_FROM_DATASET2_500_FINAL_V7_LEGITIMATE_RECORDS
ID-0021,Pranati Chhotray,Additional Secretary,"Home Department, Odisha",Government,Morning,"Monday, Thursday, Friday, Saturday, Sunday",1.0,odisha.gov.in,Internal Contacts,450.7,"payment, banking/beneficiary, access/credentials, document, data/records, approval, deadline/filing, contact/coordination, meeting, assistance/informal",Email,DERIVED_FROM_DATASET2_500_FINAL_V7_LEGITIMATE_RECORDS
ID-0022,Samarendra Nayak,Additional Secretary,"Home Department, Odisha",Government,Afternoon,"Monday, Wednesday, Thursday, Friday, Saturday, Sunday",1.11,odisha.gov.in,Internal Contacts,462.5,"payment, banking/beneficiary, access/credentials, document, data/records, approval, deadline/filing, contact/coordination, meeting, assistance/informal",Email,DERIVED_FROM_DATASET2_500_FINAL_V7_LEGITIMATE_RECORDS
ID-0023,G. Jagdish Kumar,Joint Secretary,"Home Department, Odisha",Government,Mixed,"Monday, Tuesday, Wednesday, Thursday, Saturday",1.0,odisha.gov.in,Internal Contacts,444.3,"payment, banking/beneficiary, access/credentials, document, data/records, approval, deadline/filing, contact/coordination, meeting, assistance/informal",Email,DERIVED_FROM_DATASET2_500_FINAL_V7_LEGITIMATE_RECORDS
ID-0024,Amiya Kumar Udgata,Joint Secretary,"Home Department, Odisha",Government,Morning,"Monday, Tuesday, Wednesday, Thursday, Friday, Saturday",1.0,odisha.gov.in,Internal Contacts,427.4,"payment, banking/beneficiary, access/credentials, document, data/records, approval, deadline/filing, contact/coordination, meeting, assistance/informal",Email,DERIVED_FROM_DATASET2_500_FINAL_V7_LEGITIMATE_RECORDS
ID-0025,Siba Prasad Panda,DDO-cum-Deputy Secretary,"Home Department, Odisha",Government,Afternoon,All Days,1.0,odisha.gov.in,Internal Contacts,441.3,"payment, banking/beneficiary, access/credentials, document, data/records, approval, deadline/filing, contact/coordination, meeting, assistance/informal",Email,DERIVED_FROM_DATASET2_500_FINAL_V7_LEGITIMATE_RECORDS
ID-0026,Tarun Kumar Panda,Deputy Secretary,"Home Department, Odisha",Government,Morning,"Monday, Tuesday, Wednesday, Thursday, Friday, Saturday",1.0,odisha.gov.in,Internal Contacts,423.2,"payment, banking/beneficiary, access/credentials, document, data/records, approval, deadline/filing, contact/coordination, meeting, assistance/informal",Email,DERIVED_FROM_DATASET2_500_FINAL_V7_LEGITIMATE_RECORDS
ID-0027,Pradip Kumar Behera,Deputy Secretary,"Home Department, Odisha",Government,Morning,"Monday, Thursday, Friday, Saturday, Sunday",1.0,odisha.gov.in,Internal Contacts,425.9,"payment, banking/beneficiary, access/credentials, document, data/records, approval, deadline/filing, contact/coordination, meeting, assistance/informal",Email,DERIVED_FROM_DATASET2_500_FINAL_V7_LEGITIMATE_RECORDS
ID-0028,Ratikanta Panda,Deputy Secretary,"Home Department, Odisha",Government,Morning,"Friday, Saturday, Sunday",1.0,odisha.gov.in,Internal Contacts,454.9,"payment, banking/beneficiary, access/credentials, document, data/records, approval, deadline/filing, contact/coordination, meeting, assistance/informal",Email,DERIVED_FROM_DATASET2_500_FINAL_V7_LEGITIMATE_RECORDS
ID-0029,Suryanarayan Kar,Deputy Secretary,"Home Department, Odisha",Government,Mixed,"Wednesday, Friday, Saturday, Sunday",1.11,odisha.gov.in,Internal Contacts,477.5,"payment, banking/beneficiary, access/credentials, document, data/records, approval, deadline/filing, contact/coordination, meeting, assistance/informal",Email,DERIVED_FROM_DATASET2_500_FINAL_V7_LEGITIMATE_RECORDS
ID-0030,Rajkishore Rout,Deputy Secretary,"Home Department, Odisha",Government,Mixed,"Monday, Thursday, Friday, Saturday, Sunday",1.11,odisha.gov.in,Internal Contacts,457.6,"payment, banking/beneficiary, access/credentials, document, data/records, approval, deadline/filing, contact/coordination, meeting, assistance/informal",Email,DERIVED_FROM_DATASET2_500_FINAL_V7_LEGITIMATE_RECORDS
ID-0031,Aatish Anshuman,Assistant Professor,IIT Bhubaneswar,Education,Afternoon,"Monday, Tuesday, Wednesday, Friday, Sunday",1.0,iitbbs.ac.in,External Contacts,415.6,"payment, banking/beneficiary, access/credentials, document, data/records, approval, deadline/filing, contact/coordination, meeting, assistance/informal",Email,DERIVED_FROM_DATASET2_500_FINAL_V7_LEGITIMATE_RECORDS
ID-0032,Abhinav Arya,Assistant Professor,IIT Bhubaneswar,Education,Morning,"Wednesday, Friday, Saturday, Sunday",1.0,iitbbs.ac.in,External Contacts,416.9,"payment, banking/beneficiary, access/credentials, document, data/records, approval, deadline/filing, contact/coordination, meeting, assistance/informal",Email,DERIVED_FROM_DATASET2_500_FINAL_V7_LEGITIMATE_RECORDS
ID-0033,Abhineet Prakash,Assistant Professor,IIT Bhubaneswar,Education,Afternoon,"Monday, Tuesday, Thursday, Saturday, Sunday",1.0,iitbbs.ac.in,Internal Contacts,470.0,"payment, banking/beneficiary, access/credentials, document, data/records, approval, deadline/filing, contact/coordination, meeting, assistance/informal",Email,DERIVED_FROM_DATASET2_500_FINAL_V7_LEGITIMATE_RECORDS
ID-0034,Akshaya Kumar Rath,Associate Professor,IIT Bhubaneswar,Education,Mixed,"Tuesday, Wednesday, Thursday, Friday, Saturday, Sunday",1.0,iitbbs.ac.in,Internal Contacts,499.5,"payment, banking/beneficiary, access/credentials, document, data/records, approval, deadline/filing, contact/coordination, meeting, assistance/informal",Email,DERIVED_FROM_DATASET2_500_FINAL_V7_LEGITIMATE_RECORDS
ID-0035,Aparna Pandey,Assistant Professor,IIT Bhubaneswar,Education,Afternoon,"Monday, Tuesday, Wednesday, Friday, Saturday, Sunday",1.0,iitbbs.ac.in,Internal Contacts,443.0,"payment, banking/beneficiary, access/credentials, document, data/records, approval, deadline/filing, contact/coordination, meeting, assistance/informal",Email,DERIVED_FROM_DATASET2_500_FINAL_V7_LEGITIMATE_RECORDS
ID-0036,Abhijit Datta Banik,Associate Professor,IIT Bhubaneswar,Education,Afternoon,"Monday, Tuesday, Wednesday, Thursday, Friday, Saturday",1.0,iitbbs.ac.in,External Contacts,463.2,"payment, banking/beneficiary, access/credentials, document, data/records, approval, deadline/filing, contact/coordination, meeting, assistance/informal",Email,DERIVED_FROM_DATASET2_500_FINAL_V7_LEGITIMATE_RECORDS
ID-0037,Abhik Jana,Assistant Professor,IIT Bhubaneswar,Education,Afternoon,"Tuesday, Wednesday, Thursday, Friday, Saturday, Sunday",1.0,iitbbs.ac.in,External Contacts,435.2,"payment, banking/beneficiary, access/credentials, document, data/records, approval, deadline/filing, contact/coordination, meeting, assistance/informal",Email,DERIVED_FROM_DATASET2_500_FINAL_V7_LEGITIMATE_RECORDS
ID-0038,Abhishek Chowdhury,Assistant Professor,IIT Bhubaneswar,Education,Afternoon,"Monday, Wednesday, Thursday, Friday, Saturday, Sunday",1.0,iitbbs.ac.in,Internal Contacts,437.8,"payment, banking/beneficiary, access/credentials, document, data/records, approval, deadline/filing, contact/coordination, meeting, assistance/informal",Email,DERIVED_FROM_DATASET2_500_FINAL_V7_LEGITIMATE_RECORDS
ID-0039,Akash Jaiswal,Assistant Professor,IIT Bhubaneswar,Education,Afternoon,"Tuesday, Wednesday, Friday, Saturday, Sunday",1.0,iitbbs.ac.in,External Contacts,423.4,"payment, banking/beneficiary, access/credentials, document, data/records, approval, deadline/filing, contact/coordination, meeting, assistance/informal",Email,DERIVED_FROM_DATASET2_500_FINAL_V7_LEGITIMATE_RECORDS
ID-0040,Akhilesh Kumar Singh,Associate Professor,IIT Bhubaneswar,Education,Afternoon,"Monday, Wednesday, Thursday, Friday, Sunday",1.0,iitbbs.ac.in,Internal Contacts,477.0,"payment, banking/beneficiary, access/credentials, document, data/records, approval, deadline/filing, contact/coordination, meeting, assistance/informal",Email,DERIVED_FROM_DATASET2_500_FINAL_V7_LEGITIMATE_RECORDS
ID-0041,Akshay K,Assistant Professor,IIT Bhubaneswar,Education,Afternoon,"Tuesday, Friday, Saturday, Sunday",1.0,iitbbs.ac.in,Internal Contacts,417.9,"payment, banking/beneficiary, access/credentials, document, data/records, approval, deadline/filing, contact/coordination, meeting, assistance/informal",Email,DERIVED_FROM_DATASET2_500_FINAL_V7_LEGITIMATE_RECORDS
ID-0042,Amar Deep Sarkar,Assistant Professor,IIT Bhubaneswar,Education,Morning,All Days,1.0,iitbbs.ac.in,Internal Contacts,467.9,"payment, banking/beneficiary, access/credentials, document, data/records, approval, deadline/filing, contact/coordination, meeting, assistance/informal",Email,DERIVED_FROM_DATASET2_500_FINAL_V7_LEGITIMATE_RECORDS
ID-0043,Amrit B. Sahu,Assistant Professor,IIT Bhubaneswar,Education,Afternoon,"Tuesday, Wednesday, Thursday, Friday, Saturday",1.0,iitbbs.ac.in,Internal Contacts,430.0,"payment, banking/beneficiary, access/credentials, document, data/records, approval, deadline/filing, contact/coordination, meeting, assistance/informal",Email,DERIVED_FROM_DATASET2_500_FINAL_V7_LEGITIMATE_RECORDS
ID-0044,Amrita Satapathy,Associate Professor,IIT Bhubaneswar,Education,Morning,"Monday, Tuesday, Wednesday, Thursday, Saturday, Sunday",1.0,iitbbs.ac.in,External Contacts,443.2,"payment, banking/beneficiary, access/credentials, document, data/records, approval, deadline/filing, contact/coordination, meeting, assistance/informal",Email,DERIVED_FROM_DATASET2_500_FINAL_V7_LEGITIMATE_RECORDS
ID-0045,Anamitra Basu,Associate Professor,IIT Bhubaneswar,Education,Afternoon,"Monday, Tuesday, Wednesday, Friday, Saturday, Sunday",1.11,iitbbs.ac.in,Internal Contacts,452.7,"payment, banking/beneficiary, access/credentials, document, data/records, approval, deadline/filing, contact/coordination, meeting, assistance/informal",Email,DERIVED_FROM_DATASET2_500_FINAL_V7_LEGITIMATE_RECORDS
ID-0046,Anasuya Roychowdhury,Associate Professor,IIT Bhubaneswar,Education,Afternoon,"Monday, Tuesday, Thursday, Friday, Saturday, Sunday",1.0,iitbbs.ac.in,External Contacts,473.2,"payment, banking/beneficiary, access/credentials, document, data/records, approval, deadline/filing, contact/coordination, meeting, assistance/informal",Email,DERIVED_FROM_DATASET2_500_FINAL_V7_LEGITIMATE_RECORDS
ID-0047,Animesh Mandal,Professor,IIT Bhubaneswar,Education,Afternoon,All Days,1.0,iitbbs.ac.in,Internal Contacts,432.9,"payment, banking/beneficiary, access/credentials, document, data/records, approval, deadline/filing, contact/coordination, meeting, assistance/informal",Email,DERIVED_FROM_DATASET2_500_FINAL_V7_LEGITIMATE_RECORDS
ID-0048,Anirban Bhattacharya,Associate Professor,IIT Bhubaneswar,Education,Afternoon,"Monday, Tuesday, Thursday, Friday, Saturday, Sunday",1.0,iitbbs.ac.in,Internal Contacts,463.0,"payment, banking/beneficiary, access/credentials, document, data/records, approval, deadline/filing, contact/coordination, meeting, assistance/informal",Email,DERIVED_FROM_DATASET2_500_FINAL_V7_LEGITIMATE_RECORDS
ID-0049,Ankit Dalal,Assistant Professor,IIT Bhubaneswar,Education,Afternoon,"Monday, Wednesday, Thursday, Friday, Saturday, Sunday",1.0,iitbbs.ac.in,Internal Contacts,398.6,"payment, banking/beneficiary, access/credentials, document, data/records, approval, deadline/filing, contact/coordination, meeting, assistance/informal",Email,DERIVED_FROM_DATASET2_500_FINAL_V7_LEGITIMATE_RECORDS
ID-0050,Ankit Ravindra Deshmukh,Assistant Professor,IIT Bhubaneswar,Education,Mixed,All Days,1.0,iitbbs.ac.in,Internal Contacts,471.6,"payment, banking/beneficiary, access/credentials, document, data/records, approval, deadline/filing, contact/coordination, meeting, assistance/informal",Email,DERIVED_FROM_DATASET2_500_FINAL_V7_LEGITIMATE_RECORDS
ID-0051,Uma Kanjilal,Vice-Chancellor,IGNOU,Education,Afternoon,"Monday, Tuesday, Thursday, Friday, Saturday, Sunday",1.0,ignou.ac.in,Internal Contacts,468.2,"payment, banking/beneficiary, access/credentials, document, data/records, approval, deadline/filing, contact/coordination, meeting, assistance/informal",Email,DERIVED_FROM_DATASET2_500_FINAL_V7_LEGITIMATE_RECORDS
ID-0052,Yogesh Singh,Vice-Chancellor,University of Delhi,Education,Afternoon,"Monday, Tuesday, Wednesday, Thursday, Friday, Sunday",1.0,du.ac.in,Internal Contacts,441.5,"payment, banking/beneficiary, access/credentials, document, data/records, approval, deadline/filing, contact/coordination, meeting, assistance/informal",Email,DERIVED_FROM_DATASET2_500_FINAL_V7_LEGITIMATE_RECORDS
ID-0053,Balaram Pani,Dean of Colleges,University of Delhi,Education,Mixed,All Days,1.0,du.ac.in,Internal Contacts,491.1,"payment, banking/beneficiary, access/credentials, document, data/records, approval, deadline/filing, contact/coordination, meeting, assistance/informal",Email,DERIVED_FROM_DATASET2_500_FINAL_V7_LEGITIMATE_RECORDS
ID-0054,Shireesh B. Kedare,Director,IIT Bombay,Education,Afternoon,"Tuesday, Wednesday, Thursday, Saturday, Sunday",1.0,iitb.ac.in,Internal Contacts,436.9,"payment, banking/beneficiary, access/credentials, document, data/records, approval, deadline/filing, contact/coordination, meeting, assistance/informal",Email,DERIVED_FROM_DATASET2_500_FINAL_V7_LEGITIMATE_RECORDS
ID-0055,Ravindra D. Gudi,Deputy Director FIA,IIT Bombay,Education,Morning,All Days,1.0,iitb.ac.in,Internal Contacts,466.1,"payment, banking/beneficiary, access/credentials, document, data/records, approval, deadline/filing, contact/coordination, meeting, assistance/informal",Email,DERIVED_FROM_DATASET2_500_FINAL_V7_LEGITIMATE_RECORDS
ID-0056,Murty B S,Director,IIT Hyderabad,Education,Afternoon,All Days,1.0,iith.ac.in,Internal Contacts,424.4,"payment, banking/beneficiary, access/credentials, document, data/records, approval, deadline/filing, contact/coordination, meeting, assistance/informal",Email,DERIVED_FROM_DATASET2_500_FINAL_V7_LEGITIMATE_RECORDS
ID-0057,V Venkata Rao,Registrar,IIT Hyderabad,Education,Afternoon,"Monday, Tuesday, Wednesday, Thursday, Saturday",1.0,iith.ac.in,Internal Contacts,414.8,"payment, banking/beneficiary, access/credentials, document, data/records, approval, deadline/filing, contact/coordination, meeting, assistance/informal",Email,DERIVED_FROM_DATASET2_500_FINAL_V7_LEGITIMATE_RECORDS
ID-0058,V. Kamakoti,Director,IIT Madras,Education,Afternoon,"Monday, Tuesday, Thursday, Friday, Saturday, Sunday",1.0,iitm.ac.in,Internal Contacts,444.4,"payment, banking/beneficiary, access/credentials, document, data/records, approval, deadline/filing, contact/coordination, meeting, assistance/informal",Email,DERIVED_FROM_DATASET2_500_FINAL_V7_LEGITIMATE_RECORDS
ID-0059,Kamal Kishore Pant,Director,IIT Roorkee,Education,Mixed,"Wednesday, Thursday, Friday, Saturday, Sunday",1.0,iitr.ac.in,Internal Contacts,384.9,"payment, banking/beneficiary, access/credentials, document, data/records, approval, deadline/filing, contact/coordination, meeting, assistance/informal",Email,DERIVED_FROM_DATASET2_500_FINAL_V7_LEGITIMATE_RECORDS
ID-0060,Shashikala Gulabrao Wanjari,Vice-Chancellor,NIEPA,Education,Morning,"Tuesday, Wednesday, Friday, Saturday, Sunday",1.0,niepa.ac.in,Internal Contacts,463.9,"payment, banking/beneficiary, access/credentials, document, data/records, approval, deadline/filing, contact/coordination, meeting, assistance/informal",Email,DERIVED_FROM_DATASET2_500_FINAL_V7_LEGITIMATE_RECORDS
ID-0061,Ashok Chandra,Managing Director & CEO,Punjab National Bank,Banking/Financial,Afternoon,All Days,1.0,pnb.co.in,External Contacts,408.4,"payment, banking/beneficiary, access/credentials, document, data/records, approval, deadline/filing, contact/coordination, meeting, assistance/informal",Email,DERIVED_FROM_DATASET2_500_FINAL_V7_LEGITIMATE_RECORDS
ID-0062,Kalyan Kumar,Executive Director,Punjab National Bank,Banking/Financial,Afternoon,"Monday, Wednesday, Thursday, Friday, Saturday, Sunday",1.0,pnb.co.in,Internal Contacts,454.6,"payment, banking/beneficiary, access/credentials, document, data/records, approval, deadline/filing, contact/coordination, meeting, assistance/informal",Email,DERIVED_FROM_DATASET2_500_FINAL_V7_LEGITIMATE_RECORDS
ID-0063,M. Paramasivam,Executive Director,Punjab National Bank,Banking/Financial,Morning,All Days,1.0,pnb.co.in,Internal Contacts,452.2,"payment, banking/beneficiary, access/credentials, document, data/records, approval, deadline/filing, contact/coordination, meeting, assistance/informal",Email,DERIVED_FROM_DATASET2_500_FINAL_V7_LEGITIMATE_RECORDS
ID-0064,Bibhu Prasad Mahapatra,Executive Director,Punjab National Bank,Banking/Financial,Mixed,"Monday, Tuesday, Wednesday, Friday, Saturday, Sunday",1.0,pnb.co.in,Internal Contacts,424.0,"payment, banking/beneficiary, access/credentials, document, data/records, approval, deadline/filing, contact/coordination, meeting, assistance/informal",Email,DERIVED_FROM_DATASET2_500_FINAL_V7_LEGITIMATE_RECORDS
ID-0065,D. Surendran,Executive Director,Punjab National Bank,Banking/Financial,Morning,"Monday, Wednesday, Thursday, Friday, Saturday",1.0,pnb.co.in,Internal Contacts,445.6,"payment, banking/beneficiary, access/credentials, document, data/records, approval, deadline/filing, contact/coordination, meeting, assistance/informal",Email,DERIVED_FROM_DATASET2_500_FINAL_V7_LEGITIMATE_RECORDS
ID-0066,Rajiv Anand,Managing Director & CEO,IndusInd Bank,Banking/Financial,Afternoon,"Monday, Tuesday, Thursday, Friday, Sunday",1.0,indusind.com,Internal Contacts,482.9,"payment, banking/beneficiary, access/credentials, document, data/records, approval, deadline/filing, contact/coordination, meeting, assistance/informal",Email,DERIVED_FROM_DATASET2_500_FINAL_V7_LEGITIMATE_RECORDS
ID-0067,Kesavan Ramachandran,Executive Director,Reserve Bank of India,Banking/Financial,Afternoon,"Monday, Wednesday, Thursday, Friday, Saturday, Sunday",1.0,rbi.org.in,Internal Contacts,466.7,"payment, banking/beneficiary, access/credentials, document, data/records, approval, deadline/filing, contact/coordination, meeting, assistance/informal",Email,DERIVED_FROM_DATASET2_500_FINAL_V7_LEGITIMATE_RECORDS
ID-0068,Indranil Bhattacharyya,Executive Director,Reserve Bank of India,Banking/Financial,Mixed,"Monday, Tuesday, Thursday, Friday, Saturday, Sunday",1.0,rbi.org.in,Internal Contacts,445.8,"payment, banking/beneficiary, access/credentials, document, data/records, approval, deadline/filing, contact/coordination, meeting, assistance/informal",Email,DERIVED_FROM_DATASET2_500_FINAL_V7_LEGITIMATE_RECORDS
ID-0069,Ajit Ratnakar Joshi,Executive Director,Reserve Bank of India,Banking/Financial,Afternoon,"Monday, Tuesday, Wednesday, Friday, Sunday",1.0,rbi.org.in,Internal Contacts,460.6,"payment, banking/beneficiary, access/credentials, document, data/records, approval, deadline/filing, contact/coordination, meeting, assistance/informal",Email,DERIVED_FROM_DATASET2_500_FINAL_V7_LEGITIMATE_RECORDS
ID-0070,Aviral Jain,Executive Director,Reserve Bank of India,Banking/Financial,Afternoon,"Monday, Tuesday, Wednesday, Thursday, Saturday, Sunday",1.0,rbi.org.in,External Contacts,459.2,"payment, banking/beneficiary, access/credentials, document, data/records, approval, deadline/filing, contact/coordination, meeting, assistance/informal",Email,DERIVED_FROM_DATASET2_500_FINAL_V7_LEGITIMATE_RECORDS
ID-0071,Salil Parekh,CEO & Managing Director,Infosys,Company/Executive,Mixed,"Tuesday, Thursday, Friday, Saturday, Sunday",1.0,infosys.com,Internal Contacts,441.6,"payment, banking/beneficiary, access/credentials, document, data/records, approval, deadline/filing, contact/coordination, meeting, assistance/informal",Email,DERIVED_FROM_DATASET2_500_FINAL_V7_LEGITIMATE_RECORDS
ID-0072,Jayesh Sanghrajka,Chief Financial Officer,Infosys,Company/Executive,Morning,Weekdays,1.11,infosys.com,Internal Contacts,454.8,"payment, banking/beneficiary, access/credentials, document, data/records, approval, deadline/filing, contact/coordination, meeting, assistance/informal",Email,DERIVED_FROM_DATASET2_500_FINAL_V7_LEGITIMATE_RECORDS
ID-0073,Srini Pallia,CEO & Managing Director,Wipro,Company/Executive,Morning,"Tuesday, Wednesday, Thursday, Friday, Saturday",1.0,wipro.com,Internal Contacts,443.2,"payment, banking/beneficiary, access/credentials, document, data/records, approval, deadline/filing, contact/coordination, meeting, assistance/informal",Email,DERIVED_FROM_DATASET2_500_FINAL_V7_LEGITIMATE_RECORDS
ID-0074,Rishad Premji,Executive Chairman,Wipro,Company/Executive,Afternoon,"Monday, Thursday, Friday, Saturday, Sunday",1.0,wipro.com,Internal Contacts,413.5,"payment, banking/beneficiary, access/credentials, document, data/records, approval, deadline/filing, contact/coordination, meeting, assistance/informal",Email,DERIVED_FROM_DATASET2_500_FINAL_V7_LEGITIMATE_RECORDS
ID-0075,K. Krithivasan,CEO & Managing Director,Tata Consultancy Services,Company/Executive,Morning,"Monday, Tuesday, Wednesday, Friday, Saturday, Sunday",1.0,tcs.com,Internal Contacts,418.0,"payment, banking/beneficiary, access/credentials, document, data/records, approval, deadline/filing, contact/coordination, meeting, assistance/informal",Email,DERIVED_FROM_DATASET2_500_FINAL_V7_LEGITIMATE_RECORDS
ID-0076,Aarthi Subramanian,"Executive Director, President & COO",Tata Consultancy Services,Company/Executive,Afternoon,"Tuesday, Wednesday, Thursday, Friday, Saturday, Sunday",1.0,tcs.com,Internal Contacts,436.8,"payment, banking/beneficiary, access/credentials, document, data/records, approval, deadline/filing, contact/coordination, meeting, assistance/informal",Email,DERIVED_FROM_DATASET2_500_FINAL_V7_LEGITIMATE_RECORDS
ID-0077,Anand Mahindra,"Chairman, Mahindra Group",Mahindra Group,Company/Executive,Morning,"Monday, Tuesday, Thursday, Friday, Saturday",1.11,mahindra.com,Internal Contacts,453.7,"payment, banking/beneficiary, access/credentials, document, data/records, approval, deadline/filing, contact/coordination, meeting, assistance/informal",Email,DERIVED_FROM_DATASET2_500_FINAL_V7_LEGITIMATE_RECORDS
ID-0078,Anish Shah,Group CEO & Managing Director,Mahindra Group,Company/Executive,Mixed,"Tuesday, Wednesday, Friday, Saturday",1.0,mahindra.com,Internal Contacts,437.9,"payment, banking/beneficiary, access/credentials, document, data/records, approval, deadline/filing, contact/coordination, meeting, assistance/informal",Email,DERIVED_FROM_DATASET2_500_FINAL_V7_LEGITIMATE_RECORDS
ID-0079,Sunil D'Souza,Managing Director & CEO,Tata Consumer Products,Company/Executive,Afternoon,"Monday, Tuesday, Wednesday, Thursday, Saturday, Sunday",1.0,tataconsumer.com,Internal Contacts,445.7,"payment, banking/beneficiary, access/credentials, document, data/records, approval, deadline/filing, contact/coordination, meeting, assistance/informal",Email,DERIVED_FROM_DATASET2_500_FINAL_V7_LEGITIMATE_RECORDS
ID-0080,Amit Syngle,Managing Director & CEO,Asian Paints,Company/Executive,Afternoon,"Monday, Thursday, Friday, Sunday",1.0,asianpaints.com,Internal Contacts,410.5,"payment, banking/beneficiary, access/credentials, document, data/records, approval, deadline/filing, contact/coordination, meeting, assistance/informal",Email,DERIVED_FROM_DATASET2_500_FINAL_V7_LEGITIMATE_RECORDS
ID-0081,Ashish Kumar Bhutani,Secretary,Ministry of Cooperation,Government,Afternoon,All Days,1.11,gov.in,Internal Contacts,441.9,"payment, banking/beneficiary, access/credentials, document, data/records, approval, deadline/filing, contact/coordination, meeting, assistance/informal",Email,DERIVED_FROM_DATASET2_500_FINAL_V7_LEGITIMATE_RECORDS
ID-0082,Pankaj Kumar Bansal,Additional Secretary,Ministry of Cooperation,Government,Morning,"Monday, Wednesday, Thursday, Friday, Saturday",1.0,gov.in,Internal Contacts,476.3,"payment, banking/beneficiary, access/credentials, document, data/records, approval, deadline/filing, contact/coordination, meeting, assistance/informal",Email,DERIVED_FROM_DATASET2_500_FINAL_V7_LEGITIMATE_RECORDS
ID-0083,Raman Kumar,Joint Secretary,Ministry of Cooperation,Government,Afternoon,"Monday, Tuesday, Thursday, Friday, Saturday",1.0,gov.in,Internal Contacts,442.4,"payment, banking/beneficiary, access/credentials, document, data/records, approval, deadline/filing, contact/coordination, meeting, assistance/informal",Email,DERIVED_FROM_DATASET2_500_FINAL_V7_LEGITIMATE_RECORDS
ID-0084,S Sathiya,Director,Ministry of Cooperation,Government,Mixed,All Days,1.0,gov.in,Internal Contacts,427.2,"payment, banking/beneficiary, access/credentials, document, data/records, approval, deadline/filing, contact/coordination, meeting, assistance/informal",Email,DERIVED_FROM_DATASET2_500_FINAL_V7_LEGITIMATE_RECORDS
ID-0085,Amit Kumar,Director,Ministry of Cooperation,Government,Afternoon,"Monday, Wednesday, Thursday, Friday, Saturday, Sunday",1.0,gov.in,Internal Contacts,439.1,"payment, banking/beneficiary, access/credentials, document, data/records, approval, deadline/filing, contact/coordination, meeting, assistance/informal",Email,DERIVED_FROM_DATASET2_500_FINAL_V7_LEGITIMATE_RECORDS
ID-0086,Vipin Singh,Deputy Director,Ministry of Cooperation,Government,Afternoon,"Monday, Tuesday, Wednesday, Friday, Saturday, Sunday",1.0,gov.in,Internal Contacts,488.5,"payment, banking/beneficiary, access/credentials, document, data/records, approval, deadline/filing, contact/coordination, meeting, assistance/informal",Email,DERIVED_FROM_DATASET2_500_FINAL_V7_LEGITIMATE_RECORDS
ID-0087,Afsar Ahmed,Director,Ministry of Cooperation,Government,Mixed,Weekdays,1.0,gov.in,Internal Contacts,476.4,"payment, banking/beneficiary, access/credentials, document, data/records, approval, deadline/filing, contact/coordination, meeting, assistance/informal",Email,DERIVED_FROM_DATASET2_500_FINAL_V7_LEGITIMATE_RECORDS
ID-0088,Devendra Kumar Singh,Chairperson,Ministry of Cooperation,Government,Morning,"Monday, Tuesday, Friday, Saturday",1.0,gov.in,External Contacts,434.8,"payment, banking/beneficiary, access/credentials, document, data/records, approval, deadline/filing, contact/coordination, meeting, assistance/informal",Email,DERIVED_FROM_DATASET2_500_FINAL_V7_LEGITIMATE_RECORDS
ID-0089,Ravneet Kaur,Chairperson,Competition Commission of India,Regulator,Mixed,"Monday, Tuesday, Wednesday, Thursday, Friday, Saturday",1.0,nic.in,Internal Contacts,443.5,"payment, banking/beneficiary, access/credentials, document, data/records, approval, deadline/filing, contact/coordination, meeting, assistance/informal",Email,DERIVED_FROM_DATASET2_500_FINAL_V7_LEGITIMATE_RECORDS
ID-0090,Inder Pal Singh Bindra,Secretary,Competition Commission of India,Regulator,Afternoon,"Monday, Tuesday, Wednesday, Thursday, Friday, Saturday",1.0,cci.gov.in,External Contacts,459.2,"payment, banking/beneficiary, access/credentials, document, data/records, approval, deadline/filing, contact/coordination, meeting, assistance/informal",Email,DERIVED_FROM_DATASET2_500_FINAL_V7_LEGITIMATE_RECORDS
ID-0091,Anuj Dash,Assistant Professor,IIT Bhubaneswar,Education,Afternoon,"Tuesday, Wednesday, Thursday, Friday, Saturday",1.0,iitbbs.ac.in,External Contacts,424.4,"payment, banking/beneficiary, access/credentials, document, data/records, approval, deadline/filing, contact/coordination, meeting, assistance/informal",Email,DERIVED_FROM_DATASET2_500_FINAL_V7_LEGITIMATE_RECORDS
ID-0092,Arindam Sarkar,Associate Professor,IIT Bhubaneswar,Education,Afternoon,"Monday, Wednesday, Thursday, Friday, Saturday, Sunday",1.0,iitbbs.ac.in,External Contacts,432.8,"payment, banking/beneficiary, access/credentials, document, data/records, approval, deadline/filing, contact/coordination, meeting, assistance/informal",Email,DERIVED_FROM_DATASET2_500_FINAL_V7_LEGITIMATE_RECORDS
ID-0093,Arjun S,Assistant Professor,IIT Bhubaneswar,Education,Mixed,"Monday, Tuesday, Wednesday, Thursday, Saturday",1.0,iitbbs.ac.in,Internal Contacts,443.1,"payment, banking/beneficiary, access/credentials, document, data/records, approval, deadline/filing, contact/coordination, meeting, assistance/informal",Email,DERIVED_FROM_DATASET2_500_FINAL_V7_LEGITIMATE_RECORDS
ID-0094,Arpan Das,Assistant Professor,IIT Bhubaneswar,Education,Afternoon,"Monday, Tuesday, Wednesday, Thursday, Friday, Saturday",1.0,iitbbs.ac.in,Internal Contacts,427.7,"payment, banking/beneficiary, access/credentials, document, data/records, approval, deadline/filing, contact/coordination, meeting, assistance/informal",Email,DERIVED_FROM_DATASET2_500_FINAL_V7_LEGITIMATE_RECORDS
ID-0095,Arun Kumar Pradhan,Professor,IIT Bhubaneswar,Education,Afternoon,"Tuesday, Wednesday, Thursday, Friday, Saturday, Sunday",1.0,iitbbs.ac.in,Internal Contacts,445.7,"payment, banking/beneficiary, access/credentials, document, data/records, approval, deadline/filing, contact/coordination, meeting, assistance/informal",Email,DERIVED_FROM_DATASET2_500_FINAL_V7_LEGITIMATE_RECORDS
ID-0096,Ashis Biswas,Professor,IIT Bhubaneswar,Education,Mixed,All Days,1.0,iitbbs.ac.in,Internal Contacts,424.8,"payment, banking/beneficiary, access/credentials, document, data/records, approval, deadline/filing, contact/coordination, meeting, assistance/informal",Email,DERIVED_FROM_DATASET2_500_FINAL_V7_LEGITIMATE_RECORDS
ID-0097,Debadatta Swain,Associate Professor,IIT Bhubaneswar,Education,Morning,"Monday, Thursday, Friday, Saturday, Sunday",1.0,iitbbs.ac.in,External Contacts,450.3,"payment, banking/beneficiary, access/credentials, document, data/records, approval, deadline/filing, contact/coordination, meeting, assistance/informal",Email,DERIVED_FROM_DATASET2_500_FINAL_V7_LEGITIMATE_RECORDS
ID-0098,Debalina Ghosh,Associate Professor,IIT Bhubaneswar,Education,Mixed,"Monday, Tuesday, Wednesday, Thursday, Friday, Saturday",1.0,iitbbs.ac.in,Internal Contacts,459.2,"payment, banking/beneficiary, access/credentials, document, data/records, approval, deadline/filing, contact/coordination, meeting, assistance/informal",Email,DERIVED_FROM_DATASET2_500_FINAL_V7_LEGITIMATE_RECORDS
ID-0099,Gaurav Bartarya,Associate Professor,IIT Bhubaneswar,Education,Afternoon,"Monday, Tuesday, Wednesday, Friday, Saturday",1.11,iitbbs.ac.in,Internal Contacts,443.9,"payment, banking/beneficiary, access/credentials, document, data/records, approval, deadline/filing, contact/coordination, meeting, assistance/informal",Email,DERIVED_FROM_DATASET2_500_FINAL_V7_LEGITIMATE_RECORDS
ID-0100,Niharika Mohapatra,Professor,IIT Bhubaneswar,Education,Morning,"Wednesday, Thursday, Saturday, Sunday",1.0,iitbbs.ac.in,Internal Contacts,434.7,"payment, banking/beneficiary, access/credentials, document, data/records, approval, deadline/filing, contact/coordination, meeting, assistance/informal",Email,DERIVED_FROM_DATASET2_500_FINAL_V7_LEGITIMATE_RECORDS
ID-0101,Sri Raghunandan Das,Hon’ble Minister,Department of Water Resources,Government,Afternoon,"Tuesday, Wednesday, Thursday, Friday, Sunday",1.11,nic.in,Internal Contacts,465.4,"payment, banking/beneficiary, access/credentials, document, data/records, approval, deadline/filing, contact/coordination, meeting, assistance/informal",Email,DERIVED_FROM_DATASET2_500_FINAL_V7_LEGITIMATE_RECORDS
ID-0102,"Dr. Mrinalini Darswal, IAS",Commissioner-cum-Secretary,Department of Women and Child Development,Government,Morning,"Monday, Wednesday, Thursday, Friday, Sunday",1.11,od.gov.in,Internal Contacts,427.1,"payment, banking/beneficiary, access/credentials, document, data/records, approval, deadline/filing, contact/coordination, meeting, assistance/informal",Email,DERIVED_FROM_DATASET2_500_FINAL_V7_LEGITIMATE_RECORDS
ID-0103,"Ms. Rashmita Panda, IAS",Commissioner-cum-Secretary,"Micro, Small & Medium Enterprise Department",Government,Mixed,"Monday, Thursday, Friday, Saturday, Sunday",1.11,od.gov.in,Internal Contacts,444.6,"payment, banking/beneficiary, access/credentials, document, data/records, approval, deadline/filing, contact/coordination, meeting, assistance/informal",Email,DERIVED_FROM_DATASET2_500_FINAL_V7_LEGITIMATE_RECORDS
ID-0104,"Dr. N. Thirumala Naik, IAS",Commissioner-cum-Secretary,Department of School and Mass Education,Government,Afternoon,"Monday, Tuesday, Wednesday, Thursday, Friday, Sunday",1.0,nic.in,Internal Contacts,483.8,"payment, banking/beneficiary, access/credentials, document, data/records, approval, deadline/filing, contact/coordination, meeting, assistance/informal",Email,DERIVED_FROM_DATASET2_500_FINAL_V7_LEGITIMATE_RECORDS
ID-0105,"Dr. Nivedita Prusty, IAS",Additional Secretary to Government,"Handlooms, Textiles & Handicrafts Department",Government,Afternoon,"Monday, Tuesday, Saturday, Sunday",1.11,gmail.com,Internal Contacts,433.2,"payment, banking/beneficiary, access/credentials, document, data/records, approval, deadline/filing, contact/coordination, meeting, assistance/informal",Email,DERIVED_FROM_DATASET2_500_FINAL_V7_LEGITIMATE_RECORDS
ID-0106,"Smt Chinmayee Biswal, OAS",Additional Secretary to Government,"Handlooms, Textiles & Handicrafts Department",Government,Afternoon,"Monday, Tuesday, Thursday, Friday, Saturday, Sunday",1.0,gmail.com,Internal Contacts,451.6,"payment, banking/beneficiary, access/credentials, document, data/records, approval, deadline/filing, contact/coordination, meeting, assistance/informal",Email,DERIVED_FROM_DATASET2_500_FINAL_V7_LEGITIMATE_RECORDS
ID-0107,"Dr. Pabitra Mohan Samal, OSJS",Principal Secretary to Government,Law Department,Government,Morning,"Monday, Tuesday, Wednesday, Thursday",1.0,nic.in,Internal Contacts,518.5,"payment, banking/beneficiary, access/credentials, document, data/records, approval, deadline/filing, contact/coordination, meeting, assistance/informal",Email,DERIVED_FROM_DATASET2_500_FINAL_V7_LEGITIMATE_RECORDS
ID-0108,"Shri Rajesh Kumar Agarwala, OAS(SAG)",Additional Secretary/Director,Labour and Employee's State Insurance Department,Government,Afternoon,Weekdays,1.0,nic.in,Internal Contacts,496.1,"payment, banking/beneficiary, access/credentials, document, data/records, approval, deadline/filing, contact/coordination, meeting, assistance/informal",Email,DERIVED_FROM_DATASET2_500_FINAL_V7_LEGITIMATE_RECORDS
ID-0109,"Sri Pratap Chandra Hota, IAS",Additional Secretary to Government,"Handlooms, Textiles & Handicrafts Department",Government,Afternoon,"Monday, Tuesday, Wednesday, Saturday, Sunday",1.11,gmail.com,Internal Contacts,451.0,"payment, banking/beneficiary, access/credentials, document, data/records, approval, deadline/filing, contact/coordination, meeting, assistance/informal",Email,DERIVED_FROM_DATASET2_500_FINAL_V7_LEGITIMATE_RECORDS
ID-0110,Smt. Urmila Kanhar,AFA,Commerce & Transport Department,Government,Afternoon,"Tuesday, Wednesday, Thursday, Friday, Sunday",1.0,nic.in,External Contacts,507.8,"payment, banking/beneficiary, access/credentials, document, data/records, approval, deadline/filing, contact/coordination, meeting, assistance/informal",Email,DERIVED_FROM_DATASET2_500_FINAL_V7_LEGITIMATE_RECORDS
ID-0111,Shri Biswombar Sethi,Under Secretary,Commerce & Transport Department,Government,Afternoon,"Monday, Wednesday, Thursday, Friday, Saturday, Sunday",1.0,nic.in,External Contacts,420.8,"payment, banking/beneficiary, access/credentials, document, data/records, approval, deadline/filing, contact/coordination, meeting, assistance/informal",Email,DERIVED_FROM_DATASET2_500_FINAL_V7_LEGITIMATE_RECORDS
ID-0112,"Shri Saroj Kanta Mohanty, O.A.S. (SAG)",Additional Secretary,Industries Department,Government,Morning,"Monday, Tuesday, Thursday, Friday, Sunday",1.0,nic.in,Internal Contacts,418.4,"payment, banking/beneficiary, access/credentials, document, data/records, approval, deadline/filing, contact/coordination, meeting, assistance/informal",Email,DERIVED_FROM_DATASET2_500_FINAL_V7_LEGITIMATE_RECORDS
ID-0113,Smt. Sarita Dhanwar,Additional Secretary,Department of Agriculture & Farmers' Empowerment,Government,Mixed,"Monday, Wednesday, Saturday, Sunday",1.11,nic.in,Internal Contacts,465.1,"payment, banking/beneficiary, access/credentials, document, data/records, approval, deadline/filing, contact/coordination, meeting, assistance/informal",Email,DERIVED_FROM_DATASET2_500_FINAL_V7_LEGITIMATE_RECORDS
ID-0114,Shri Sabyasachi Hota,Additional Secretary to Government,Electronics & Information Technology Department,Government,Afternoon,"Tuesday, Wednesday, Thursday, Saturday, Sunday",1.0,gov.in,Internal Contacts,442.5,"payment, banking/beneficiary, access/credentials, document, data/records, approval, deadline/filing, contact/coordination, meeting, assistance/informal",Email,DERIVED_FROM_DATASET2_500_FINAL_V7_LEGITIMATE_RECORDS
ID-0115,"Smt. Sonia Behera, OAS (SAG)",Additional Secretary,Social Security & Empowerment of Persons with Disabilities Department,Government,Afternoon,"Monday, Tuesday, Wednesday, Friday, Saturday, Sunday",1.0,gmail.com,Internal Contacts,451.3,"payment, banking/beneficiary, access/credentials, document, data/records, approval, deadline/filing, contact/coordination, meeting, assistance/informal",Email,DERIVED_FROM_DATASET2_500_FINAL_V7_LEGITIMATE_RECORDS
ID-0116,Sri Gangadhar Nayak,Special Secretary,Department of Housing & Urban Development,Government,Morning,"Monday, Tuesday, Friday, Saturday, Sunday",1.0,nic.in,Internal Contacts,414.3,"payment, banking/beneficiary, access/credentials, document, data/records, approval, deadline/filing, contact/coordination, meeting, assistance/informal",Email,DERIVED_FROM_DATASET2_500_FINAL_V7_LEGITIMATE_RECORDS
ID-0117,Smt. Nirmala Kumari Biswal,Under Secretary,Commerce & Transport Department,Government,Morning,"Monday, Tuesday, Wednesday, Friday, Saturday, Sunday",1.0,nic.in,External Contacts,466.1,"payment, banking/beneficiary, access/credentials, document, data/records, approval, deadline/filing, contact/coordination, meeting, assistance/informal",Email,DERIVED_FROM_DATASET2_500_FINAL_V7_LEGITIMATE_RECORDS
ID-0118,Smt Mamata Samantaroy,Under Secretary,"Handlooms, Textiles & Handicrafts Department",Government,Mixed,"Monday, Wednesday, Thursday, Sunday",1.0,gmail.com,Internal Contacts,481.4,"payment, banking/beneficiary, access/credentials, document, data/records, approval, deadline/filing, contact/coordination, meeting, assistance/informal",Email,DERIVED_FROM_DATASET2_500_FINAL_V7_LEGITIMATE_RECORDS
ID-0119,Smt. Urmiprava Maharana,Deputy Secretary to Government,Science & Technology Department,Government,Mixed,All Days,1.11,nic.in,Internal Contacts,442.2,"payment, banking/beneficiary, access/credentials, document, data/records, approval, deadline/filing, contact/coordination, meeting, assistance/informal",Email,DERIVED_FROM_DATASET2_500_FINAL_V7_LEGITIMATE_RECORDS
ID-0120,Mr. Binaya Kumar Dash,Special Secretary,Department of Housing & Urban Development,Government,Mixed,"Tuesday, Wednesday, Thursday, Friday, Saturday, Sunday",1.0,gmail.com,Internal Contacts,436.3,"payment, banking/beneficiary, access/credentials, document, data/records, approval, deadline/filing, contact/coordination, meeting, assistance/informal",Email,DERIVED_FROM_DATASET2_500_FINAL_V7_LEGITIMATE_RECORDS
ID-0121,Bishnupriya Sahoo,Additional Secretary,Department of Co-operation,Government,Afternoon,"Monday, Tuesday, Wednesday, Friday, Saturday, Sunday",1.11,nic.in,Internal Contacts,417.0,"payment, banking/beneficiary, access/credentials, document, data/records, approval, deadline/filing, contact/coordination, meeting, assistance/informal",Email,DERIVED_FROM_DATASET2_500_FINAL_V7_LEGITIMATE_RECORDS
ID-0122,Smt. Smita Biswal,Special Secretary,Department of Health & Family Welfare,Government,Mixed,"Tuesday, Thursday, Friday, Saturday, Sunday",1.0,nic.in,External Contacts,467.6,"payment, banking/beneficiary, access/credentials, document, data/records, approval, deadline/filing, contact/coordination, meeting, assistance/informal",Email,DERIVED_FROM_DATASET2_500_FINAL_V7_LEGITIMATE_RECORDS
ID-0123,Sri Gaurahari Behera,Additional Secretary,Department of Health & Family Welfare,Government,Afternoon,"Monday, Tuesday, Wednesday, Thursday, Saturday, Sunday",1.0,nic.in,Internal Contacts,440.3,"payment, banking/beneficiary, access/credentials, document, data/records, approval, deadline/filing, contact/coordination, meeting, assistance/informal",Email,DERIVED_FROM_DATASET2_500_FINAL_V7_LEGITIMATE_RECORDS
ID-0124,"Shri Lalit Kumar Kanhar, OAS",Deputy Secretary,Skill Development & Technical Education Department,Government,Mixed,"Monday, Tuesday, Wednesday, Thursday, Friday, Saturday",1.0,nic.in,Internal Contacts,487.7,"payment, banking/beneficiary, access/credentials, document, data/records, approval, deadline/filing, contact/coordination, meeting, assistance/informal",Email,DERIVED_FROM_DATASET2_500_FINAL_V7_LEGITIMATE_RECORDS
ID-0125,Shri Manoranjan Panda,Deputy Director Geology,Department of Steel & Mines,Government,Afternoon,"Monday, Wednesday, Thursday, Saturday, Sunday",1.0,nic.in,Internal Contacts,422.3,"payment, banking/beneficiary, access/credentials, document, data/records, approval, deadline/filing, contact/coordination, meeting, assistance/informal",Email,DERIVED_FROM_DATASET2_500_FINAL_V7_LEGITIMATE_RECORDS
ID-0126,Shri Shaktikanta Ray,Additional Director,Department of Steel & Mines,Government,Afternoon,"Monday, Tuesday, Wednesday, Friday, Saturday",1.0,orissaminerals.gov.in,External Contacts,446.6,"payment, banking/beneficiary, access/credentials, document, data/records, approval, deadline/filing, contact/coordination, meeting, assistance/informal",Email,DERIVED_FROM_DATASET2_500_FINAL_V7_LEGITIMATE_RECORDS
ID-0127,Sri Dillip Sahoo,"DDM, Cuttack",Department of Steel & Mines,Government,Mixed,"Wednesday, Thursday, Friday, Saturday, Sunday",1.0,orissaminerals.gov.in,Internal Contacts,454.4,"payment, banking/beneficiary, access/credentials, document, data/records, approval, deadline/filing, contact/coordination, meeting, assistance/informal",Email,DERIVED_FROM_DATASET2_500_FINAL_V7_LEGITIMATE_RECORDS
ID-0128,"Smt. Soojata Misra, OAS (SS)",Special Secretary,"ST & SC Development, Minorities & Backward Classes Welfare Department",Government,Afternoon,Weekdays,1.0,gmail.com,Internal Contacts,436.3,"payment, banking/beneficiary, access/credentials, document, data/records, approval, deadline/filing, contact/coordination, meeting, assistance/informal",Email,DERIVED_FROM_DATASET2_500_FINAL_V7_LEGITIMATE_RECORDS
ID-0129,Sri Manas Ranjan Patra,Assistant Director (Law),"Handlooms, Textiles & Handicrafts Department",Government,Afternoon,"Monday, Tuesday, Wednesday, Thursday, Friday, Sunday",1.0,gmail.com,Internal Contacts,439.4,"payment, banking/beneficiary, access/credentials, document, data/records, approval, deadline/filing, contact/coordination, meeting, assistance/informal",Email,DERIVED_FROM_DATASET2_500_FINAL_V7_LEGITIMATE_RECORDS
ID-0130,Puspanjali Bisoi (OSS),Under Secretary,Department of Public Enterprises,Government,Afternoon,"Monday, Tuesday, Wednesday, Friday, Saturday, Sunday",1.0,nic.in,Internal Contacts,455.3,"payment, banking/beneficiary, access/credentials, document, data/records, approval, deadline/filing, contact/coordination, meeting, assistance/informal",Email,DERIVED_FROM_DATASET2_500_FINAL_V7_LEGITIMATE_RECORDS
ID-0131,"Shri Durgaprasad Mohapatra, OAS (SAG)",Additional Secretary,Department of School and Mass Education,Government,Afternoon,"Monday, Wednesday, Friday, Saturday, Sunday",1.0,nic.in,Internal Contacts,408.5,"payment, banking/beneficiary, access/credentials, document, data/records, approval, deadline/filing, contact/coordination, meeting, assistance/informal",Email,DERIVED_FROM_DATASET2_500_FINAL_V7_LEGITIMATE_RECORDS
ID-0132,Shri Narottam Sahoo,Deputy Director Geology,Department of Steel & Mines,Government,Morning,"Tuesday, Wednesday, Thursday, Friday, Saturday, Sunday",1.0,nic.in,Internal Contacts,425.2,"payment, banking/beneficiary, access/credentials, document, data/records, approval, deadline/filing, contact/coordination, meeting, assistance/informal",Email,DERIVED_FROM_DATASET2_500_FINAL_V7_LEGITIMATE_RECORDS
ID-0133,"Rajat Kumar Kar, ADG",Additional Director,Department of Steel & Mines,Government,Afternoon,"Monday, Wednesday, Friday, Saturday",1.11,nic.in,Internal Contacts,452.1,"payment, banking/beneficiary, access/credentials, document, data/records, approval, deadline/filing, contact/coordination, meeting, assistance/informal",Email,DERIVED_FROM_DATASET2_500_FINAL_V7_LEGITIMATE_RECORDS
ID-0134,Chinmayee Chetna Dash,Deputy Secretary to Government,Science & Technology Department,Government,Afternoon,"Tuesday, Wednesday, Thursday, Saturday, Sunday",1.11,nic.in,Internal Contacts,451.2,"payment, banking/beneficiary, access/credentials, document, data/records, approval, deadline/filing, contact/coordination, meeting, assistance/informal",Email,DERIVED_FROM_DATASET2_500_FINAL_V7_LEGITIMATE_RECORDS
ID-0135,"Sri Probodh Kumar Dwibedy, OSS",Deputy Secretary to Government,Department of Excise,Government,Mixed,"Monday, Tuesday, Thursday, Friday, Saturday, Sunday",1.0,od.gov.in,Internal Contacts,492.7,"payment, banking/beneficiary, access/credentials, document, data/records, approval, deadline/filing, contact/coordination, meeting, assistance/informal",Email,DERIVED_FROM_DATASET2_500_FINAL_V7_LEGITIMATE_RECORDS
ID-0136,"Sri Parakhita Bhoi, OSS",Under Secretary,Department of Excise,Government,Morning,"Monday, Tuesday, Wednesday, Friday, Saturday, Sunday",1.0,od.gov.in,Internal Contacts,456.2,"payment, banking/beneficiary, access/credentials, document, data/records, approval, deadline/filing, contact/coordination, meeting, assistance/informal",Email,DERIVED_FROM_DATASET2_500_FINAL_V7_LEGITIMATE_RECORDS
ID-0137,"Smt. Banita Dash, OFS(SAG)",FA-cum-Special Secretary,"ST & SC Development, Minorities & Backward Classes Welfare Department",Government,Afternoon,"Monday, Tuesday, Wednesday, Thursday, Saturday, Sunday",1.0,gmail.com,Internal Contacts,452.7,"payment, banking/beneficiary, access/credentials, document, data/records, approval, deadline/filing, contact/coordination, meeting, assistance/informal",Email,DERIVED_FROM_DATASET2_500_FINAL_V7_LEGITIMATE_RECORDS
ID-0138,"Shri Shailendra Narayan Nayak, O.I.S.",Additional Director and Ex-Officio Additional Secretary,Industries Department,Government,Afternoon,"Monday, Tuesday, Wednesday, Thursday, Sunday",1.0,odisha.gov.in,Internal Contacts,463.4,"payment, banking/beneficiary, access/credentials, document, data/records, approval, deadline/filing, contact/coordination, meeting, assistance/informal",Email,DERIVED_FROM_DATASET2_500_FINAL_V7_LEGITIMATE_RECORDS
ID-0139,"Smt. Rashmi Kabi, OFS",F.A-cum-Additional Secretary,Planning & Convergence Department,Government,Morning,"Monday, Wednesday, Friday, Saturday, Sunday",1.11,gmail.com,Internal Contacts,437.0,"payment, banking/beneficiary, access/credentials, document, data/records, approval, deadline/filing, contact/coordination, meeting, assistance/informal",Email,DERIVED_FROM_DATASET2_500_FINAL_V7_LEGITIMATE_RECORDS
ID-0140,Sri Bijaya Kumar Mangaraj,Special Secretary,Finance Department,Government,Mixed,"Monday, Tuesday, Thursday, Friday, Saturday, Sunday",1.0,nic.in,Internal Contacts,481.8,"payment, banking/beneficiary, access/credentials, document, data/records, approval, deadline/filing, contact/coordination, meeting, assistance/informal",Email,DERIVED_FROM_DATASET2_500_FINAL_V7_LEGITIMATE_RECORDS
ID-0141,"Dr. Jagadish Sarangi, OAS",Deputy Secretary,Department of Tourism,Government,Mixed,"Monday, Tuesday, Wednesday, Friday, Saturday, Sunday",1.25,nic.in,External Contacts,471.5,"payment, banking/beneficiary, access/credentials, document, data/records, approval, deadline/filing, contact/coordination, meeting, assistance/informal",Email,DERIVED_FROM_DATASET2_500_FINAL_V7_LEGITIMATE_RECORDS
ID-0142,Shri Dharmendra Satapathy,Special LAO,Commerce & Transport Department,Government,Afternoon,All Days,1.0,nic.in,Internal Contacts,472.9,"payment, banking/beneficiary, access/credentials, document, data/records, approval, deadline/filing, contact/coordination, meeting, assistance/informal",Email,DERIVED_FROM_DATASET2_500_FINAL_V7_LEGITIMATE_RECORDS
ID-0143,Shri Bhaskar Raito OAS(SAG),Additional Secretary,Social Security & Empowerment of Persons with Disabilities Department,Government,Mixed,"Tuesday, Wednesday, Thursday, Friday, Saturday, Sunday",1.0,gmail.com,Internal Contacts,419.0,"payment, banking/beneficiary, access/credentials, document, data/records, approval, deadline/filing, contact/coordination, meeting, assistance/informal",Email,DERIVED_FROM_DATASET2_500_FINAL_V7_LEGITIMATE_RECORDS
ID-0144,Sri Daridryabhanjan MM Patra,Additional Secretary,Department of Agriculture & Farmers' Empowerment,Government,Afternoon,"Tuesday, Wednesday, Thursday, Friday, Saturday",1.0,gmail.com,Internal Contacts,425.2,"payment, banking/beneficiary, access/credentials, document, data/records, approval, deadline/filing, contact/coordination, meeting, assistance/informal",Email,DERIVED_FROM_DATASET2_500_FINAL_V7_LEGITIMATE_RECORDS
ID-0145,"Sri Amit Kumar Nayak,OAS",Deputy Secretary to Government,Sports & Youth Services Department,Government,Mixed,"Monday, Tuesday, Thursday, Saturday, Sunday",1.0,nic.in,Internal Contacts,435.7,"payment, banking/beneficiary, access/credentials, document, data/records, approval, deadline/filing, contact/coordination, meeting, assistance/informal",Email,DERIVED_FROM_DATASET2_500_FINAL_V7_LEGITIMATE_RECORDS
ID-0146,"Sri Krutibash Routh, OAS",Additional Secretary,Department of Women and Child Development,Government,Afternoon,"Monday, Tuesday, Wednesday, Friday, Saturday, Sunday",1.0,od.gov.in,Internal Contacts,492.5,"payment, banking/beneficiary, access/credentials, document, data/records, approval, deadline/filing, contact/coordination, meeting, assistance/informal",Email,DERIVED_FROM_DATASET2_500_FINAL_V7_LEGITIMATE_RECORDS
ID-0147,Smt. Soumitri Nayak,Deputy Secretary,Labour and Employee's State Insurance Department,Government,Morning,"Monday, Wednesday, Thursday, Friday, Saturday, Sunday",1.0,nic.in,Internal Contacts,384.7,"payment, banking/beneficiary, access/credentials, document, data/records, approval, deadline/filing, contact/coordination, meeting, assistance/informal",Email,DERIVED_FROM_DATASET2_500_FINAL_V7_LEGITIMATE_RECORDS
ID-0148,Sri Umakanta Barik,Land Acquisition Officer,Commerce & Transport Department,Government,Afternoon,"Monday, Tuesday, Thursday, Friday, Saturday, Sunday",1.0,nic.in,Internal Contacts,456.8,"payment, banking/beneficiary, access/credentials, document, data/records, approval, deadline/filing, contact/coordination, meeting, assistance/informal",Email,DERIVED_FROM_DATASET2_500_FINAL_V7_LEGITIMATE_RECORDS
ID-0149,"Shri Rama Chandra Kisku, OAS",Additional Secretary,Department of Steel & Mines,Government,Afternoon,"Monday, Tuesday, Wednesday, Thursday, Saturday",1.0,od.gov.in,Internal Contacts,450.2,"payment, banking/beneficiary, access/credentials, document, data/records, approval, deadline/filing, contact/coordination, meeting, assistance/informal",Email,DERIVED_FROM_DATASET2_500_FINAL_V7_LEGITIMATE_RECORDS
ID-0150,Sri Abhijeet Routray,Assistant Section Officer,"Handlooms, Textiles & Handicrafts Department",Government,Afternoon,"Monday, Tuesday, Saturday, Sunday",1.0,gmail.com,Internal Contacts,473.2,"payment, banking/beneficiary, access/credentials, document, data/records, approval, deadline/filing, contact/coordination, meeting, assistance/informal",Email,DERIVED_FROM_DATASET2_500_FINAL_V7_LEGITIMATE_RECORDS
ID-0151,Sri Anshuman Nayak,Assistant Section Officer,"Handlooms, Textiles & Handicrafts Department",Government,Morning,"Tuesday, Wednesday, Thursday, Friday, Saturday, Sunday",1.0,gmail.com,External Contacts,468.9,"payment, banking/beneficiary, access/credentials, document, data/records, approval, deadline/filing, contact/coordination, meeting, assistance/informal",Email,DERIVED_FROM_DATASET2_500_FINAL_V7_LEGITIMATE_RECORDS
ID-0152,"Smt. Sumitra Kumari Pattnaik, OAS (SAG)",Additional Secretary,Department of Women and Child Development,Government,Morning,"Monday, Thursday, Friday, Saturday, Sunday",1.0,od.gov.in,Internal Contacts,424.4,"payment, banking/beneficiary, access/credentials, document, data/records, approval, deadline/filing, contact/coordination, meeting, assistance/informal",Email,DERIVED_FROM_DATASET2_500_FINAL_V7_LEGITIMATE_RECORDS
ID-0153,Sri Bimbadhar Pradhan,Joint Secretary,Industries Department,Government,Mixed,"Monday, Tuesday, Thursday, Friday, Saturday, Sunday",1.0,odisha.gov.in,Internal Contacts,432.5,"payment, banking/beneficiary, access/credentials, document, data/records, approval, deadline/filing, contact/coordination, meeting, assistance/informal",Email,DERIVED_FROM_DATASET2_500_FINAL_V7_LEGITIMATE_RECORDS
ID-0154,"Sri Bibekananda Sahoo, OAS(SAG)",Additional Secretary,Department of Women and Child Development,Government,Afternoon,"Monday, Tuesday, Thursday, Friday, Saturday, Sunday",1.0,od.gov.in,Internal Contacts,461.5,"payment, banking/beneficiary, access/credentials, document, data/records, approval, deadline/filing, contact/coordination, meeting, assistance/informal",Email,DERIVED_FROM_DATASET2_500_FINAL_V7_LEGITIMATE_RECORDS
ID-0155,Shri Santosh Kumar Suar,Special Secretary,Finance Department,Government,Morning,"Monday, Tuesday, Wednesday, Friday, Saturday",1.0,nic.in,External Contacts,435.4,"payment, banking/beneficiary, access/credentials, document, data/records, approval, deadline/filing, contact/coordination, meeting, assistance/informal",Email,DERIVED_FROM_DATASET2_500_FINAL_V7_LEGITIMATE_RECORDS
ID-0156,"Shri Daulat Chandrakar, OAS",Additional Secretary,Department of Steel & Mines,Government,Morning,"Tuesday, Wednesday, Thursday, Friday, Saturday, Sunday",1.11,nic.in,Internal Contacts,440.9,"payment, banking/beneficiary, access/credentials, document, data/records, approval, deadline/filing, contact/coordination, meeting, assistance/informal",Email,DERIVED_FROM_DATASET2_500_FINAL_V7_LEGITIMATE_RECORDS
ID-0157,"Sri Sibashis Dhal, OFS (SS)",FA-cum-Special Secretary,Department of School and Mass Education,Government,Morning,"Tuesday, Wednesday, Thursday, Friday, Saturday, Sunday",1.0,nic.in,Internal Contacts,472.4,"payment, banking/beneficiary, access/credentials, document, data/records, approval, deadline/filing, contact/coordination, meeting, assistance/informal",Email,DERIVED_FROM_DATASET2_500_FINAL_V7_LEGITIMATE_RECORDS
ID-0158,"Shri Niranjana Jena, OAS",Deputy Secretary,Labour and Employee's State Insurance Department,Government,Afternoon,"Tuesday, Wednesday, Friday, Saturday, Sunday",1.0,nic.in,External Contacts,425.9,"payment, banking/beneficiary, access/credentials, document, data/records, approval, deadline/filing, contact/coordination, meeting, assistance/informal",Email,DERIVED_FROM_DATASET2_500_FINAL_V7_LEGITIMATE_RECORDS
ID-0159,"Shri Sudhakar Nayak, OAS (SAG)",Additional Secretary to Government,Sports & Youth Services Department,Government,Morning,"Monday, Tuesday, Friday, Saturday, Sunday",1.0,nic.in,Internal Contacts,441.5,"payment, banking/beneficiary, access/credentials, document, data/records, approval, deadline/filing, contact/coordination, meeting, assistance/informal",Email,DERIVED_FROM_DATASET2_500_FINAL_V7_LEGITIMATE_RECORDS
ID-0160,"Shri Manoj Behera, OAS",Deputy Secretary,Department of Tourism,Government,Afternoon,"Tuesday, Thursday, Friday, Saturday, Sunday",1.0,nic.in,Internal Contacts,425.6,"payment, banking/beneficiary, access/credentials, document, data/records, approval, deadline/filing, contact/coordination, meeting, assistance/informal",Email,DERIVED_FROM_DATASET2_500_FINAL_V7_LEGITIMATE_RECORDS
ID-0161,Shri Chandrapati Pradhan,Deputy Secretary to Government,"Micro, Small & Medium Enterprise Department",Government,Afternoon,"Monday, Tuesday, Wednesday, Friday, Saturday, Sunday",1.0,od.gov.in,Internal Contacts,441.4,"payment, banking/beneficiary, access/credentials, document, data/records, approval, deadline/filing, contact/coordination, meeting, assistance/informal",Email,DERIVED_FROM_DATASET2_500_FINAL_V7_LEGITIMATE_RECORDS
ID-0162,"Sri Laxmikanta Mishra, OSS",Joint Secretary,Energy Department,Government,Afternoon,"Tuesday, Wednesday, Thursday, Saturday, Sunday",1.0,od.gov.in,Internal Contacts,473.0,"payment, banking/beneficiary, access/credentials, document, data/records, approval, deadline/filing, contact/coordination, meeting, assistance/informal",Email,DERIVED_FROM_DATASET2_500_FINAL_V7_LEGITIMATE_RECORDS
ID-0163,"Sri Smruti Ranjan Pradhan, IAS",Additional Secretary to Government,"Forest, Environment and Climate Change Department",Government,Afternoon,"Wednesday, Thursday, Saturday, Sunday",1.0,od.gov.in,Internal Contacts,446.0,"payment, banking/beneficiary, access/credentials, document, data/records, approval, deadline/filing, contact/coordination, meeting, assistance/informal",Email,DERIVED_FROM_DATASET2_500_FINAL_V7_LEGITIMATE_RECORDS
ID-0164,"Sri Subhananda Mohapatra, OAS(SAG)",Additional Secretary,Department of Housing & Urban Development,Government,Afternoon,"Monday, Wednesday, Thursday, Friday, Sunday",1.0,nic.in,Internal Contacts,480.0,"payment, banking/beneficiary, access/credentials, document, data/records, approval, deadline/filing, contact/coordination, meeting, assistance/informal",Email,DERIVED_FROM_DATASET2_500_FINAL_V7_LEGITIMATE_RECORDS
ID-0165,"Shri Nelson Lakra, OFS (SAG)",FA-cum-Additional Secretary to Govt,Sports & Youth Services Department,Government,Morning,"Monday, Tuesday, Wednesday, Friday, Saturday, Sunday",1.0,nic.in,External Contacts,415.2,"payment, banking/beneficiary, access/credentials, document, data/records, approval, deadline/filing, contact/coordination, meeting, assistance/informal",Email,DERIVED_FROM_DATASET2_500_FINAL_V7_LEGITIMATE_RECORDS
ID-0166,"Shri Ghasiram Murmu, OAS(SS)",Special Secretary,Department of General Administration & Public Grievance,Government,Afternoon,"Monday, Tuesday, Thursday, Friday, Sunday",1.0,nic.in,External Contacts,422.6,"payment, banking/beneficiary, access/credentials, document, data/records, approval, deadline/filing, contact/coordination, meeting, assistance/informal",Email,DERIVED_FROM_DATASET2_500_FINAL_V7_LEGITIMATE_RECORDS
ID-0167,Sri Shubhranshu Mishra,Additional Secretary,Department of Agriculture & Farmers' Empowerment,Government,Mixed,"Monday, Tuesday, Thursday, Friday, Sunday",1.11,gmail.com,Internal Contacts,434.4,"payment, banking/beneficiary, access/credentials, document, data/records, approval, deadline/filing, contact/coordination, meeting, assistance/informal",Email,DERIVED_FROM_DATASET2_500_FINAL_V7_LEGITIMATE_RECORDS
ID-0168,"Sri Siba Prasad Mohapatra, OSJS",Additional Secretary to Government,Law Department,Government,Mixed,"Monday, Tuesday, Friday, Saturday, Sunday",1.0,nic.in,Internal Contacts,458.0,"payment, banking/beneficiary, access/credentials, document, data/records, approval, deadline/filing, contact/coordination, meeting, assistance/informal",Email,DERIVED_FROM_DATASET2_500_FINAL_V7_LEGITIMATE_RECORDS
ID-0169,Shri Manoranjan Samantaray,Deputy Secretary,Labour and Employee's State Insurance Department,Government,Mixed,"Monday, Tuesday, Wednesday, Thursday, Saturday, Sunday",1.11,nic.in,Internal Contacts,478.9,"payment, banking/beneficiary, access/credentials, document, data/records, approval, deadline/filing, contact/coordination, meeting, assistance/informal",Email,DERIVED_FROM_DATASET2_500_FINAL_V7_LEGITIMATE_RECORDS
ID-0170,"Sri Deba Prasad Dash, OAS (SS)",Special Secretary to Government,Odia Language Literature & Culture Department,Government,Afternoon,"Monday, Tuesday, Wednesday, Saturday, Sunday",1.0,gmail.com,External Contacts,462.7,"payment, banking/beneficiary, access/credentials, document, data/records, approval, deadline/filing, contact/coordination, meeting, assistance/informal",Email,DERIVED_FROM_DATASET2_500_FINAL_V7_LEGITIMATE_RECORDS
ID-0171,"Dr. Monica Priyadarshini, IAS","CEO, ORMAS",Panchayati Raj & Drinking Water Department,Government,Morning,Weekdays,1.0,nic.in,Internal Contacts,418.9,"payment, banking/beneficiary, access/credentials, document, data/records, approval, deadline/filing, contact/coordination, meeting, assistance/informal",Email,DERIVED_FROM_DATASET2_500_FINAL_V7_LEGITIMATE_RECORDS
ID-0172,Sri Amar Kumar Pradhan,Under Secretary,Commerce & Transport Department,Government,Afternoon,"Monday, Wednesday, Thursday, Friday, Saturday, Sunday",1.25,nic.in,Internal Contacts,448.6,"payment, banking/beneficiary, access/credentials, document, data/records, approval, deadline/filing, contact/coordination, meeting, assistance/informal",Email,DERIVED_FROM_DATASET2_500_FINAL_V7_LEGITIMATE_RECORDS
ID-0173,"Sri Siddharth Shankar Swain, IAS","Director, Special Projects",Panchayati Raj & Drinking Water Department,Government,Morning,"Tuesday, Wednesday, Thursday, Friday, Sunday",1.0,gov.in,Internal Contacts,400.7,"payment, banking/beneficiary, access/credentials, document, data/records, approval, deadline/filing, contact/coordination, meeting, assistance/informal",Email,DERIVED_FROM_DATASET2_500_FINAL_V7_LEGITIMATE_RECORDS
ID-0174,"Shri Balaram Mallik, OAS(SAG)",Additional Secretary,Fisheries & Animal Resources Development Department,Government,Morning,"Monday, Wednesday, Thursday, Friday, Sunday",1.11,nic.in,Internal Contacts,441.2,"payment, banking/beneficiary, access/credentials, document, data/records, approval, deadline/filing, contact/coordination, meeting, assistance/informal",Email,DERIVED_FROM_DATASET2_500_FINAL_V7_LEGITIMATE_RECORDS
ID-0175,"Shri Sukanta Kumar Pradhan, OAS",Additional Secretary,Skill Development & Technical Education Department,Government,Afternoon,"Monday, Tuesday, Wednesday, Friday, Saturday",1.0,gmail.com,Internal Contacts,390.3,"payment, banking/beneficiary, access/credentials, document, data/records, approval, deadline/filing, contact/coordination, meeting, assistance/informal",Email,DERIVED_FROM_DATASET2_500_FINAL_V7_LEGITIMATE_RECORDS
ID-0176,Shri Gobinda Ch. Samantra,"Deputy Director (CA), Bolangir",Department of Steel & Mines,Government,Mixed,"Wednesday, Thursday, Friday, Saturday",1.0,nic.in,Internal Contacts,452.0,"payment, banking/beneficiary, access/credentials, document, data/records, approval, deadline/filing, contact/coordination, meeting, assistance/informal",Email,DERIVED_FROM_DATASET2_500_FINAL_V7_LEGITIMATE_RECORDS
ID-0177,Shri Ganapati Pradhan,Deputy Director Geology,Department of Steel & Mines,Government,Morning,"Tuesday, Wednesday, Thursday, Saturday, Sunday",1.0,nic.in,External Contacts,448.7,"payment, banking/beneficiary, access/credentials, document, data/records, approval, deadline/filing, contact/coordination, meeting, assistance/informal",Email,DERIVED_FROM_DATASET2_500_FINAL_V7_LEGITIMATE_RECORDS
ID-0178,Shri Salil Behera,"Joint Director of Mines, HQ",Department of Steel & Mines,Government,Morning,"Monday, Tuesday, Wednesday, Thursday, Saturday, Sunday",1.0,nic.in,Internal Contacts,385.1,"payment, banking/beneficiary, access/credentials, document, data/records, approval, deadline/filing, contact/coordination, meeting, assistance/informal",Email,DERIVED_FROM_DATASET2_500_FINAL_V7_LEGITIMATE_RECORDS
ID-0179,Shri Pradip Kumar Naik,"DDM, Koraput",Department of Steel & Mines,Government,Morning,All Days,1.0,nic.in,Internal Contacts,451.0,"payment, banking/beneficiary, access/credentials, document, data/records, approval, deadline/filing, contact/coordination, meeting, assistance/informal",Email,DERIVED_FROM_DATASET2_500_FINAL_V7_LEGITIMATE_RECORDS
ID-0180,"Dr. Yeddula Vijay, IAS","Director, Sports",Sports & Youth Services Department,Government,Afternoon,"Monday, Thursday, Friday, Sunday",1.0,nic.in,External Contacts,427.2,"payment, banking/beneficiary, access/credentials, document, data/records, approval, deadline/filing, contact/coordination, meeting, assistance/informal",Email,DERIVED_FROM_DATASET2_500_FINAL_V7_LEGITIMATE_RECORDS
ID-0181,Smt. Bidyut Prava Rout,FA-cum-Joint Secretary,Science & Technology Department,Government,Afternoon,"Tuesday, Thursday, Saturday, Sunday",1.11,nic.in,Internal Contacts,391.8,"payment, banking/beneficiary, access/credentials, document, data/records, approval, deadline/filing, contact/coordination, meeting, assistance/informal",Email,DERIVED_FROM_DATASET2_500_FINAL_V7_LEGITIMATE_RECORDS
ID-0182,"Smt. Madhusmita Behera, OFS",F.A-cum-Additional Secretary,"Handlooms, Textiles & Handicrafts Department",Government,Afternoon,"Tuesday, Wednesday, Friday, Saturday",1.0,gmail.com,Internal Contacts,479.1,"payment, banking/beneficiary, access/credentials, document, data/records, approval, deadline/filing, contact/coordination, meeting, assistance/informal",Email,DERIVED_FROM_DATASET2_500_FINAL_V7_LEGITIMATE_RECORDS
ID-0183,"Sri Arindam Dakua, IAS",DMA & Ex-officio Addl. Secretary,Department of Housing & Urban Development,Government,Morning,"Monday, Wednesday, Friday, Saturday, Sunday",1.0,gmail.com,Internal Contacts,474.3,"payment, banking/beneficiary, access/credentials, document, data/records, approval, deadline/filing, contact/coordination, meeting, assistance/informal",Email,DERIVED_FROM_DATASET2_500_FINAL_V7_LEGITIMATE_RECORDS
ID-0184,"Smt. Lipsa Das, OAS(SS)",Special Secretary,Department of Public Enterprises,Government,Afternoon,"Monday, Tuesday, Wednesday, Thursday, Friday, Saturday",1.0,odisha.gov.in,Internal Contacts,472.2,"payment, banking/beneficiary, access/credentials, document, data/records, approval, deadline/filing, contact/coordination, meeting, assistance/informal",Email,DERIVED_FROM_DATASET2_500_FINAL_V7_LEGITIMATE_RECORDS
ID-0185,Sri Lingaraj Otta,OSD-cum-Special Secretary,"Forest, Environment and Climate Change Department",Government,Mixed,"Monday, Tuesday, Wednesday, Thursday, Saturday, Sunday",1.0,odisha.gov.in,Internal Contacts,401.2,"payment, banking/beneficiary, access/credentials, document, data/records, approval, deadline/filing, contact/coordination, meeting, assistance/informal",Email,DERIVED_FROM_DATASET2_500_FINAL_V7_LEGITIMATE_RECORDS
ID-0186,"Shri Ashok Kumar Panda, OAS (SAG)",Additional Secretary to Government,Labour and Employee's State Insurance Department,Government,Morning,Weekdays,1.0,nic.in,Internal Contacts,455.4,"payment, banking/beneficiary, access/credentials, document, data/records, approval, deadline/filing, contact/coordination, meeting, assistance/informal",Email,DERIVED_FROM_DATASET2_500_FINAL_V7_LEGITIMATE_RECORDS
ID-0187,"Shri Laxman Kumar Mallick, I.A.S.","Director, Scheduled Castes Welfare","ST & SC Development, Minorities & Backward Classes Welfare Department",Government,Morning,"Monday, Tuesday, Wednesday, Thursday, Friday, Sunday",1.11,nic.in,Internal Contacts,422.3,"payment, banking/beneficiary, access/credentials, document, data/records, approval, deadline/filing, contact/coordination, meeting, assistance/informal",Email,DERIVED_FROM_DATASET2_500_FINAL_V7_LEGITIMATE_RECORDS
ID-0188,"Dr. Debi Dutta Tripathy, OFS",F.A.-cum-Special Secretary,Energy Department,Government,Afternoon,"Monday, Tuesday, Wednesday, Friday, Saturday, Sunday",1.0,od.gov.in,Internal Contacts,454.0,"payment, banking/beneficiary, access/credentials, document, data/records, approval, deadline/filing, contact/coordination, meeting, assistance/informal",Email,DERIVED_FROM_DATASET2_500_FINAL_V7_LEGITIMATE_RECORDS
ID-0189,"Shri Indramani Nayak, IAS","Director, PR",Panchayati Raj & Drinking Water Department,Government,Morning,"Monday, Tuesday, Wednesday, Thursday, Saturday, Sunday",1.0,nic.in,Internal Contacts,439.7,"payment, banking/beneficiary, access/credentials, document, data/records, approval, deadline/filing, contact/coordination, meeting, assistance/informal",Email,DERIVED_FROM_DATASET2_500_FINAL_V7_LEGITIMATE_RECORDS
ID-0190,"Shri Debashis Patnaik, OAS(SAG)",Additional Secretary,Department of Excise,Government,Morning,"Monday, Wednesday, Thursday, Friday, Saturday, Sunday",1.0,od.gov.in,Internal Contacts,510.2,"payment, banking/beneficiary, access/credentials, document, data/records, approval, deadline/filing, contact/coordination, meeting, assistance/informal",Email,DERIVED_FROM_DATASET2_500_FINAL_V7_LEGITIMATE_RECORDS
ID-0191,"Ms. Rajani Jani, OAS(SS)",Special Secretary,Social Security & Empowerment of Persons with Disabilities Department,Government,Morning,"Tuesday, Wednesday, Thursday, Friday, Saturday, Sunday",1.0,odisha.gov.in,Internal Contacts,429.2,"payment, banking/beneficiary, access/credentials, document, data/records, approval, deadline/filing, contact/coordination, meeting, assistance/informal",Email,DERIVED_FROM_DATASET2_500_FINAL_V7_LEGITIMATE_RECORDS
ID-0192,"Shri Susanta Kumar Singh, OAS",Additional Secretary to Government,Department of Public Enterprises,Government,Afternoon,"Monday, Tuesday, Wednesday, Saturday, Sunday",1.0,nic.in,Internal Contacts,446.5,"payment, banking/beneficiary, access/credentials, document, data/records, approval, deadline/filing, contact/coordination, meeting, assistance/informal",Email,DERIVED_FROM_DATASET2_500_FINAL_V7_LEGITIMATE_RECORDS
ID-0193,Sri Ganeswar Jena,Additional Secretary,Department of Agriculture & Farmers' Empowerment,Government,Mixed,"Tuesday, Wednesday, Thursday, Friday, Sunday",1.11,gmail.com,Internal Contacts,443.1,"payment, banking/beneficiary, access/credentials, document, data/records, approval, deadline/filing, contact/coordination, meeting, assistance/informal",Email,DERIVED_FROM_DATASET2_500_FINAL_V7_LEGITIMATE_RECORDS
ID-0194,"Sri Trilochan Patra, OAS(S)",Joint Secretary to Government,Department of Excise,Government,Afternoon,"Monday, Wednesday, Thursday, Saturday, Sunday",1.0,od.gov.in,Internal Contacts,437.9,"payment, banking/beneficiary, access/credentials, document, data/records, approval, deadline/filing, contact/coordination, meeting, assistance/informal",Email,DERIVED_FROM_DATASET2_500_FINAL_V7_LEGITIMATE_RECORDS
ID-0195,"Sri Saroja Kumar Swain, OAS",Additional Secretary,Department of Tourism,Government,Afternoon,"Monday, Tuesday, Wednesday, Friday, Sunday",1.0,odishatourism.gov.in,Internal Contacts,453.3,"payment, banking/beneficiary, access/credentials, document, data/records, approval, deadline/filing, contact/coordination, meeting, assistance/informal",Email,DERIVED_FROM_DATASET2_500_FINAL_V7_LEGITIMATE_RECORDS
ID-0196,"Shri Kina Charan Soren, OSS",Joint Secretary to Government,Parliamentary Affairs Department,Government,Afternoon,"Tuesday, Wednesday, Thursday, Friday, Saturday, Sunday",1.0,nic.in,Internal Contacts,459.8,"payment, banking/beneficiary, access/credentials, document, data/records, approval, deadline/filing, contact/coordination, meeting, assistance/informal",Email,DERIVED_FROM_DATASET2_500_FINAL_V7_LEGITIMATE_RECORDS
ID-0197,Shri Bhagala Sirka,Joint Secretary,"Micro, Small & Medium Enterprise Department",Government,Mixed,All Days,1.0,od.gov.in,Internal Contacts,455.6,"payment, banking/beneficiary, access/credentials, document, data/records, approval, deadline/filing, contact/coordination, meeting, assistance/informal",Email,DERIVED_FROM_DATASET2_500_FINAL_V7_LEGITIMATE_RECORDS
ID-0198,Sri Pradyumna Kumar Muduli,Under Secretary,Commerce & Transport Department,Government,Afternoon,"Monday, Tuesday, Thursday, Friday, Saturday, Sunday",1.11,nic.in,Internal Contacts,468.3,"payment, banking/beneficiary, access/credentials, document, data/records, approval, deadline/filing, contact/coordination, meeting, assistance/informal",Email,DERIVED_FROM_DATASET2_500_FINAL_V7_LEGITIMATE_RECORDS
ID-0199,"Sri Subrat Kumar Behera, OAS",Deputy Secretary,"Handlooms, Textiles & Handicrafts Department",Government,Mixed,"Tuesday, Wednesday, Thursday, Friday, Saturday, Sunday",1.0,gmail.com,Internal Contacts,452.3,"payment, banking/beneficiary, access/credentials, document, data/records, approval, deadline/filing, contact/coordination, meeting, assistance/informal",Email,DERIVED_FROM_DATASET2_500_FINAL_V7_LEGITIMATE_RECORDS
ID-0200,Sri Sunaram Murmu,Joint Secretary to Government,Science & Technology Department,Government,Afternoon,"Monday, Tuesday, Thursday, Friday, Sunday",1.0,nic.in,Internal Contacts,445.9,"payment, banking/beneficiary, access/credentials, document, data/records, approval, deadline/filing, contact/coordination, meeting, assistance/informal",Email,DERIVED_FROM_DATASET2_500_FINAL_V7_LEGITIMATE_RECORDS
ID-0201,"Shri Manoj Kumar Padhy,OAS(SS)",Special Secretary,Department of School and Mass Education,Government,Afternoon,"Monday, Tuesday, Thursday, Friday, Saturday, Sunday",1.0,nic.in,Internal Contacts,439.3,"payment, banking/beneficiary, access/credentials, document, data/records, approval, deadline/filing, contact/coordination, meeting, assistance/informal",Email,DERIVED_FROM_DATASET2_500_FINAL_V7_LEGITIMATE_RECORDS
ID-0202,Supriya Jena,FA-cum-Special Secretary,Department of Health & Family Welfare,Government,Morning,"Monday, Thursday, Friday, Saturday, Sunday",1.0,nic.in,Internal Contacts,438.8,"payment, banking/beneficiary, access/credentials, document, data/records, approval, deadline/filing, contact/coordination, meeting, assistance/informal",Email,DERIVED_FROM_DATASET2_500_FINAL_V7_LEGITIMATE_RECORDS
ID-0203,"Sri Nilamani Nayak, OSS",Under Secretary to Govt,"Handlooms, Textiles & Handicrafts Department",Government,Afternoon,"Monday, Tuesday, Wednesday, Thursday, Friday, Saturday",1.0,gmail.com,Internal Contacts,408.2,"payment, banking/beneficiary, access/credentials, document, data/records, approval, deadline/filing, contact/coordination, meeting, assistance/informal",Email,DERIVED_FROM_DATASET2_500_FINAL_V7_LEGITIMATE_RECORDS
ID-0204,Sri Saroj Kumar Sahoo,Deputy Director Geology,Department of Steel & Mines,Government,Afternoon,"Monday, Tuesday, Wednesday, Thursday, Friday, Saturday",1.0,gmail.com,Internal Contacts,426.8,"payment, banking/beneficiary, access/credentials, document, data/records, approval, deadline/filing, contact/coordination, meeting, assistance/informal",Email,DERIVED_FROM_DATASET2_500_FINAL_V7_LEGITIMATE_RECORDS
ID-0205,Smt. Lipsa Prusty,"DDM, HQ",Department of Steel & Mines,Government,Afternoon,"Wednesday, Thursday, Friday, Sunday",1.0,orissaminerals.gov.in,External Contacts,422.6,"payment, banking/beneficiary, access/credentials, document, data/records, approval, deadline/filing, contact/coordination, meeting, assistance/informal",Email,DERIVED_FROM_DATASET2_500_FINAL_V7_LEGITIMATE_RECORDS
ID-0206,Shri Jitendra Kumar Panda,"DDM, Baripada",Department of Steel & Mines,Government,Morning,"Monday, Wednesday, Thursday, Friday, Saturday, Sunday",1.0,orissaminerals.gov.in,Internal Contacts,451.9,"payment, banking/beneficiary, access/credentials, document, data/records, approval, deadline/filing, contact/coordination, meeting, assistance/informal",Email,DERIVED_FROM_DATASET2_500_FINAL_V7_LEGITIMATE_RECORDS
ID-0207,"Smt. Shanti Sudha Kanungo, OFS (SAG)",FA-cum-Additional Secretary to Govt,Electronics & Information Technology Department,Government,Morning,"Monday, Tuesday, Thursday, Friday, Saturday, Sunday",1.11,nic.in,External Contacts,457.5,"payment, banking/beneficiary, access/credentials, document, data/records, approval, deadline/filing, contact/coordination, meeting, assistance/informal",Email,DERIVED_FROM_DATASET2_500_FINAL_V7_LEGITIMATE_RECORDS
ID-0208,"Sri Biswajit Routray, OTS",Additional Director,Department of Tourism,Government,Morning,"Monday, Tuesday, Thursday, Friday, Saturday, Sunday",1.0,odishatourism.gov.in,Internal Contacts,442.6,"payment, banking/beneficiary, access/credentials, document, data/records, approval, deadline/filing, contact/coordination, meeting, assistance/informal",Email,DERIVED_FROM_DATASET2_500_FINAL_V7_LEGITIMATE_RECORDS
ID-0209,Er. Ratikanta Behera,SE - Kendrapara-I,Works Department,Government,Afternoon,"Tuesday, Wednesday, Thursday, Friday, Sunday",1.11,nic.in,Internal Contacts,413.6,"payment, banking/beneficiary, access/credentials, document, data/records, approval, deadline/filing, contact/coordination, meeting, assistance/informal",Email,DERIVED_FROM_DATASET2_500_FINAL_V7_LEGITIMATE_RECORDS
ID-0210,Er. Kshiradhar Kandhapani,"E.E (N.H. Division, Jeypore)",Works Department,Government,Morning,"Monday, Tuesday, Wednesday, Thursday, Saturday, Sunday",1.0,gov.in,Internal Contacts,469.0,"payment, banking/beneficiary, access/credentials, document, data/records, approval, deadline/filing, contact/coordination, meeting, assistance/informal",Email,DERIVED_FROM_DATASET2_500_FINAL_V7_LEGITIMATE_RECORDS
ID-0211,Er. D.P. Mishra,ACE P & D,Works Department,Government,Afternoon,"Monday, Tuesday, Thursday, Saturday, Sunday",1.0,nic.in,Internal Contacts,418.2,"payment, banking/beneficiary, access/credentials, document, data/records, approval, deadline/filing, contact/coordination, meeting, assistance/informal",Email,DERIVED_FROM_DATASET2_500_FINAL_V7_LEGITIMATE_RECORDS
ID-0212,Er. Gayatri Patel,SE (DPQ),Works Department,Government,Morning,"Tuesday, Wednesday, Friday, Saturday, Sunday",1.0,yahoo.co.in,Internal Contacts,436.6,"payment, banking/beneficiary, access/credentials, document, data/records, approval, deadline/filing, contact/coordination, meeting, assistance/informal",Email,DERIVED_FROM_DATASET2_500_FINAL_V7_LEGITIMATE_RECORDS
ID-0213,Rudra N. Acharya,FA EIC(Civil),Works Department,Government,Afternoon,"Monday, Tuesday, Wednesday, Thursday, Friday, Saturday",1.0,nic.in,Internal Contacts,458.8,"payment, banking/beneficiary, access/credentials, document, data/records, approval, deadline/filing, contact/coordination, meeting, assistance/informal",Email,DERIVED_FROM_DATASET2_500_FINAL_V7_LEGITIMATE_RECORDS
ID-0214,Shri Debashis Rout,Account Officer,Works Department,Government,Afternoon,"Tuesday, Wednesday, Thursday, Saturday, Sunday",1.11,nic.in,Internal Contacts,470.7,"payment, banking/beneficiary, access/credentials, document, data/records, approval, deadline/filing, contact/coordination, meeting, assistance/informal",Email,DERIVED_FROM_DATASET2_500_FINAL_V7_LEGITIMATE_RECORDS
ID-0215,Er. Tara Pr. Mishra,C.E. DPI&Roads,Works Department,Government,Afternoon,"Monday, Tuesday, Thursday, Friday, Saturday",1.25,gov.in,Internal Contacts,441.4,"payment, banking/beneficiary, access/credentials, document, data/records, approval, deadline/filing, contact/coordination, meeting, assistance/informal",Email,DERIVED_FROM_DATASET2_500_FINAL_V7_LEGITIMATE_RECORDS
ID-0216,Er. Rama Kr. Moharana,C.E. World Bank,Works Department,Government,Morning,"Monday, Wednesday, Thursday, Sunday",1.0,gov.in,Internal Contacts,429.2,"payment, banking/beneficiary, access/credentials, document, data/records, approval, deadline/filing, contact/coordination, meeting, assistance/informal",Email,DERIVED_FROM_DATASET2_500_FINAL_V7_LEGITIMATE_RECORDS
ID-0217,Er. Goutam Pal,Addl. C.E Roads,Works Department,Government,Morning,"Monday, Tuesday, Wednesday, Thursday, Saturday, Sunday",1.0,nic.in,Internal Contacts,426.5,"payment, banking/beneficiary, access/credentials, document, data/records, approval, deadline/filing, contact/coordination, meeting, assistance/informal",Email,DERIVED_FROM_DATASET2_500_FINAL_V7_LEGITIMATE_RECORDS
ID-0218,Amiya Ranjan Nayak,Addl. C.E (P&I),Works Department,Government,Morning,"Monday, Tuesday, Thursday, Friday, Saturday, Sunday",1.0,nic.in,Internal Contacts,437.4,"payment, banking/beneficiary, access/credentials, document, data/records, approval, deadline/filing, contact/coordination, meeting, assistance/informal",Email,DERIVED_FROM_DATASET2_500_FINAL_V7_LEGITIMATE_RECORDS
ID-0219,Er. Pravat Das,Addl. C.E. Projects,Works Department,Government,Morning,"Monday, Tuesday, Wednesday, Saturday, Sunday",1.0,nic.in,Internal Contacts,409.3,"payment, banking/beneficiary, access/credentials, document, data/records, approval, deadline/filing, contact/coordination, meeting, assistance/informal",Email,DERIVED_FROM_DATASET2_500_FINAL_V7_LEGITIMATE_RECORDS
ID-0220,Er. Lokanatha Mishra,Addl. C.E. NABARD,Works Department,Government,Afternoon,"Monday, Tuesday, Wednesday, Thursday, Saturday, Sunday",1.0,nic.in,Internal Contacts,462.5,"payment, banking/beneficiary, access/credentials, document, data/records, approval, deadline/filing, contact/coordination, meeting, assistance/informal",Email,DERIVED_FROM_DATASET2_500_FINAL_V7_LEGITIMATE_RECORDS
ID-0221,Er. Prafulla Naik,Addl. C.E Roads,Works Department,Government,Afternoon,"Monday, Tuesday, Thursday, Friday, Saturday",1.0,nic.in,External Contacts,418.8,"payment, banking/beneficiary, access/credentials, document, data/records, approval, deadline/filing, contact/coordination, meeting, assistance/informal",Email,DERIVED_FROM_DATASET2_500_FINAL_V7_LEGITIMATE_RECORDS
ID-0222,Er. Subhransu Sekhar Swain,SE (Planning-I),Works Department,Government,Morning,"Monday, Wednesday, Thursday, Saturday, Sunday",1.0,pmuosrp.org,Internal Contacts,429.1,"payment, banking/beneficiary, access/credentials, document, data/records, approval, deadline/filing, contact/coordination, meeting, assistance/informal",Email,DERIVED_FROM_DATASET2_500_FINAL_V7_LEGITIMATE_RECORDS
ID-0223,Er. Pravat Ku. Das,CCE - Phulbani Circle,Works Department,Government,Afternoon,"Monday, Tuesday, Wednesday, Thursday, Friday, Saturday",1.0,nic.in,Internal Contacts,450.7,"payment, banking/beneficiary, access/credentials, document, data/records, approval, deadline/filing, contact/coordination, meeting, assistance/informal",Email,DERIVED_FROM_DATASET2_500_FINAL_V7_LEGITIMATE_RECORDS
ID-0224,Er. Sudhi Ranjan Mishra,E.E ISAP,Works Department,Government,Mixed,"Tuesday, Wednesday, Thursday, Friday, Saturday, Sunday",1.0,gov.in,External Contacts,414.2,"payment, banking/beneficiary, access/credentials, document, data/records, approval, deadline/filing, contact/coordination, meeting, assistance/informal",Email,DERIVED_FROM_DATASET2_500_FINAL_V7_LEGITIMATE_RECORDS
ID-0225,Er B.K. Lenka,EE Projects,Works Department,Government,Afternoon,All Days,1.0,nic.in,External Contacts,385.0,"payment, banking/beneficiary, access/credentials, document, data/records, approval, deadline/filing, contact/coordination, meeting, assistance/informal",Email,DERIVED_FROM_DATASET2_500_FINAL_V7_LEGITIMATE_RECORDS
ID-0226,Er. Niroj Kumar Dash,EE NABARD,Works Department,Government,Morning,"Monday, Tuesday, Thursday, Friday, Saturday",1.0,nic.in,Internal Contacts,399.4,"payment, banking/beneficiary, access/credentials, document, data/records, approval, deadline/filing, contact/coordination, meeting, assistance/informal",Email,DERIVED_FROM_DATASET2_500_FINAL_V7_LEGITIMATE_RECORDS
ID-0227,Amit Prasana Kiro,EE PMU,Works Department,Government,Morning,"Monday, Tuesday, Wednesday, Thursday, Saturday, Sunday",1.0,nic.in,External Contacts,459.9,"payment, banking/beneficiary, access/credentials, document, data/records, approval, deadline/filing, contact/coordination, meeting, assistance/informal",Email,DERIVED_FROM_DATASET2_500_FINAL_V7_LEGITIMATE_RECORDS
ID-0228,Shri Dipak R. Das,Addl. Secy L.A.,Works Department,Government,Morning,"Monday, Tuesday, Wednesday, Thursday, Friday, Sunday",1.0,nic.in,Internal Contacts,439.3,"payment, banking/beneficiary, access/credentials, document, data/records, approval, deadline/filing, contact/coordination, meeting, assistance/informal",Email,DERIVED_FROM_DATASET2_500_FINAL_V7_LEGITIMATE_RECORDS
ID-0229,Shri Mahadev Badhaik,DFO PMU,Works Department,Government,Afternoon,"Monday, Tuesday, Wednesday, Thursday, Saturday, Sunday",1.0,nic.in,Internal Contacts,406.1,"payment, banking/beneficiary, access/credentials, document, data/records, approval, deadline/filing, contact/coordination, meeting, assistance/informal",Email,DERIVED_FROM_DATASET2_500_FINAL_V7_LEGITIMATE_RECORDS
ID-0230,Sailabala Pradhan,FA PMU,Works Department,Government,Morning,"Tuesday, Wednesday, Thursday, Friday, Saturday, Sunday",1.0,nic.in,Internal Contacts,409.6,"payment, banking/beneficiary, access/credentials, document, data/records, approval, deadline/filing, contact/coordination, meeting, assistance/informal",Email,DERIVED_FROM_DATASET2_500_FINAL_V7_LEGITIMATE_RECORDS
ID-0231,Sunil Tiwari,Divisional Accounts Officer (Grade-I),Works Department,Government,Afternoon,"Monday, Tuesday, Thursday, Saturday, Sunday",1.0,nic.in,Internal Contacts,414.3,"payment, banking/beneficiary, access/credentials, document, data/records, approval, deadline/filing, contact/coordination, meeting, assistance/informal",Email,DERIVED_FROM_DATASET2_500_FINAL_V7_LEGITIMATE_RECORDS
ID-0232,Shri Jayadev Mishra,FMS PMU,Works Department,Government,Afternoon,"Monday, Tuesday, Wednesday, Thursday, Friday, Sunday",1.0,nic.in,Internal Contacts,400.0,"payment, banking/beneficiary, access/credentials, document, data/records, approval, deadline/filing, contact/coordination, meeting, assistance/informal",Email,DERIVED_FROM_DATASET2_500_FINAL_V7_LEGITIMATE_RECORDS
ID-0233,Er. Gouranga Sahu,EIC-C.E. Buildings,Works Department,Government,Afternoon,"Tuesday, Wednesday, Thursday, Saturday, Sunday",1.11,gov.in,Internal Contacts,450.9,"payment, banking/beneficiary, access/credentials, document, data/records, approval, deadline/filing, contact/coordination, meeting, assistance/informal",Email,DERIVED_FROM_DATASET2_500_FINAL_V7_LEGITIMATE_RECORDS
ID-0234,Er. Jibanananda Nayak,C.E. Buildings (OSD),Works Department,Government,Morning,All Days,1.0,nic.in,Internal Contacts,464.4,"payment, banking/beneficiary, access/credentials, document, data/records, approval, deadline/filing, contact/coordination, meeting, assistance/informal",Email,DERIVED_FROM_DATASET2_500_FINAL_V7_LEGITIMATE_RECORDS
ID-0235,Er. S.N. Acharya,ACE Buildings-II,Works Department,Government,Afternoon,"Monday, Wednesday, Thursday, Friday, Saturday, Sunday",1.0,nic.in,Internal Contacts,424.4,"payment, banking/beneficiary, access/credentials, document, data/records, approval, deadline/filing, contact/coordination, meeting, assistance/informal",Email,DERIVED_FROM_DATASET2_500_FINAL_V7_LEGITIMATE_RECORDS
ID-0236,Er. Ajit Ku. Ray,SE - Charbatia,Works Department,Government,Morning,"Monday, Thursday, Friday, Sunday",1.0,nic.in,External Contacts,456.9,"payment, banking/beneficiary, access/credentials, document, data/records, approval, deadline/filing, contact/coordination, meeting, assistance/informal",Email,DERIVED_FROM_DATASET2_500_FINAL_V7_LEGITIMATE_RECORDS
ID-0237,Er. Akshaya Ku. Sahoo,ACE (Planning),Works Department,Government,Mixed,"Monday, Tuesday, Thursday, Sunday",1.0,nic.in,Internal Contacts,467.8,"payment, banking/beneficiary, access/credentials, document, data/records, approval, deadline/filing, contact/coordination, meeting, assistance/informal",Email,DERIVED_FROM_DATASET2_500_FINAL_V7_LEGITIMATE_RECORDS
ID-0238,Er. Bijay Kumar Nayak,S.E Building,Works Department,Government,Mixed,"Monday, Tuesday, Wednesday, Thursday, Friday, Saturday",1.0,nic.in,Internal Contacts,438.0,"payment, banking/beneficiary, access/credentials, document, data/records, approval, deadline/filing, contact/coordination, meeting, assistance/informal",Email,DERIVED_FROM_DATASET2_500_FINAL_V7_LEGITIMATE_RECORDS
ID-0239,Dr. Narayan Chandra Pal,E.I.C Designs,Works Department,Government,Afternoon,"Monday, Wednesday, Friday, Saturday, Sunday",1.11,gov.in,Internal Contacts,440.4,"payment, banking/beneficiary, access/credentials, document, data/records, approval, deadline/filing, contact/coordination, meeting, assistance/informal",Email,DERIVED_FROM_DATASET2_500_FINAL_V7_LEGITIMATE_RECORDS
ID-0240,Er. Rabi Sankar Pattnaik,CE (Designs-Building),Works Department,Government,Morning,"Monday, Tuesday, Wednesday, Thursday, Saturday",1.0,nic.in,External Contacts,412.2,"payment, banking/beneficiary, access/credentials, document, data/records, approval, deadline/filing, contact/coordination, meeting, assistance/informal",Email,DERIVED_FROM_DATASET2_500_FINAL_V7_LEGITIMATE_RECORDS
ID-0241,Er. Narmada Behera,ACE (D. Bridge),Works Department,Government,Afternoon,Weekdays,1.0,nic.in,Internal Contacts,398.7,"payment, banking/beneficiary, access/credentials, document, data/records, approval, deadline/filing, contact/coordination, meeting, assistance/informal",Email,DERIVED_FROM_DATASET2_500_FINAL_V7_LEGITIMATE_RECORDS
ID-0242,Er. Pasant Tripathy,SE Designs II,Works Department,Government,Afternoon,"Monday, Tuesday, Wednesday, Thursday, Saturday",1.0,nic.in,Internal Contacts,460.2,"payment, banking/beneficiary, access/credentials, document, data/records, approval, deadline/filing, contact/coordination, meeting, assistance/informal",Email,DERIVED_FROM_DATASET2_500_FINAL_V7_LEGITIMATE_RECORDS
ID-0243,Er. Mahendra Samal,SE Designs III,Works Department,Government,Morning,"Monday, Tuesday, Thursday, Friday",1.0,nic.in,Internal Contacts,413.8,"payment, banking/beneficiary, access/credentials, document, data/records, approval, deadline/filing, contact/coordination, meeting, assistance/informal",Email,DERIVED_FROM_DATASET2_500_FINAL_V7_LEGITIMATE_RECORDS
ID-0244,Er. Niranjan Padhi,S.E.(D&P),Works Department,Government,Morning,"Tuesday, Wednesday, Friday, Sunday",1.0,nic.in,Internal Contacts,415.4,"payment, banking/beneficiary, access/credentials, document, data/records, approval, deadline/filing, contact/coordination, meeting, assistance/informal",Email,DERIVED_FROM_DATASET2_500_FINAL_V7_LEGITIMATE_RECORDS
ID-0245,Er. Pradip Kumar Subudhi,A.C.E.,Works Department,Government,Afternoon,All Days,1.0,nic.in,External Contacts,472.7,"payment, banking/beneficiary, access/credentials, document, data/records, approval, deadline/filing, contact/coordination, meeting, assistance/informal",Email,DERIVED_FROM_DATASET2_500_FINAL_V7_LEGITIMATE_RECORDS
ID-0246,Er. Chandrama Bhusan Dash,E.E. (D&P)-I,Works Department,Government,Morning,"Tuesday, Thursday, Friday, Saturday, Sunday",1.0,nic.in,Internal Contacts,444.1,"payment, banking/beneficiary, access/credentials, document, data/records, approval, deadline/filing, contact/coordination, meeting, assistance/informal",Email,DERIVED_FROM_DATASET2_500_FINAL_V7_LEGITIMATE_RECORDS
ID-0247,Er. Chitta Ranjan Behera,E.E. (D&P)-II,Works Department,Government,Mixed,"Monday, Tuesday, Wednesday, Thursday, Friday, Sunday",1.0,nic.in,External Contacts,425.3,"payment, banking/beneficiary, access/credentials, document, data/records, approval, deadline/filing, contact/coordination, meeting, assistance/informal",Email,DERIVED_FROM_DATASET2_500_FINAL_V7_LEGITIMATE_RECORDS
ID-0248,Miss Usharani Behera,E.O.(I/C),Works Department,Government,Afternoon,"Monday, Tuesday, Wednesday, Saturday",1.0,nic.in,External Contacts,455.8,"payment, banking/beneficiary, access/credentials, document, data/records, approval, deadline/filing, contact/coordination, meeting, assistance/informal",Email,DERIVED_FROM_DATASET2_500_FINAL_V7_LEGITIMATE_RECORDS
ID-0249,Sri Devi Prasad Mishra,D.A.O.,Works Department,Government,Mixed,"Tuesday, Wednesday, Friday",1.0,nic.in,Internal Contacts,438.6,"payment, banking/beneficiary, access/credentials, document, data/records, approval, deadline/filing, contact/coordination, meeting, assistance/informal",Email,DERIVED_FROM_DATASET2_500_FINAL_V7_LEGITIMATE_RECORDS
ID-0250,Er. Binod Bihari Das,"E.E.(N.H. Division, Sambalpur)",Works Department,Government,Afternoon,"Monday, Wednesday, Thursday, Friday, Sunday",1.0,gov.in,Internal Contacts,433.6,"payment, banking/beneficiary, access/credentials, document, data/records, approval, deadline/filing, contact/coordination, meeting, assistance/informal",Email,DERIVED_FROM_DATASET2_500_FINAL_V7_LEGITIMATE_RECORDS
ID-0251,Er. Satyaban Patel,SE - Jharsuguda,Works Department,Government,Morning,"Monday, Thursday, Friday, Saturday, Sunday",1.0,gmail.com,Internal Contacts,439.0,"payment, banking/beneficiary, access/credentials, document, data/records, approval, deadline/filing, contact/coordination, meeting, assistance/informal",Email,DERIVED_FROM_DATASET2_500_FINAL_V7_LEGITIMATE_RECORDS
ID-0252,"Er. Archana Das Pattanaik, IAS",Additional Secretary,Department of Excise,Government,Afternoon,"Monday, Tuesday, Wednesday, Thursday, Friday, Saturday",1.0,gov.in,Internal Contacts,458.3,"payment, banking/beneficiary, access/credentials, document, data/records, approval, deadline/filing, contact/coordination, meeting, assistance/informal",Email,DERIVED_FROM_DATASET2_500_FINAL_V7_LEGITIMATE_RECORDS
ID-0253,"Shri Niti Ranjan Sen, OAS(SAG)",Additional Secretary,Labour and Employee's State Insurance Department,Government,Afternoon,All Days,1.0,nic.in,Internal Contacts,487.8,"payment, banking/beneficiary, access/credentials, document, data/records, approval, deadline/filing, contact/coordination, meeting, assistance/informal",Email,DERIVED_FROM_DATASET2_500_FINAL_V7_LEGITIMATE_RECORDS
ID-0254,Kailash Chandra Nayak,Special Secretary to Government,Department of Health & Family Welfare,Government,Afternoon,All Days,1.0,nic.in,Internal Contacts,416.7,"payment, banking/beneficiary, access/credentials, document, data/records, approval, deadline/filing, contact/coordination, meeting, assistance/informal",Email,DERIVED_FROM_DATASET2_500_FINAL_V7_LEGITIMATE_RECORDS
ID-0255,Dr Usharani Sahoo,Special Secretary,Department of Health & Family Welfare,Government,Afternoon,"Monday, Tuesday, Thursday, Friday, Saturday, Sunday",1.0,nic.in,Internal Contacts,463.2,"payment, banking/beneficiary, access/credentials, document, data/records, approval, deadline/filing, contact/coordination, meeting, assistance/informal",Email,DERIVED_FROM_DATASET2_500_FINAL_V7_LEGITIMATE_RECORDS
ID-0256,"Dr. Arun Kumar Sahoo, O.S.J.S",2nd A.L.R-cum-Additional Secretary,Law Department,Government,Afternoon,"Monday, Tuesday, Wednesday, Thursday, Sunday",1.0,nic.in,Internal Contacts,457.5,"payment, banking/beneficiary, access/credentials, document, data/records, approval, deadline/filing, contact/coordination, meeting, assistance/informal",Email,DERIVED_FROM_DATASET2_500_FINAL_V7_LEGITIMATE_RECORDS
ID-0257,Shri Narayan Chandra Nayak,Joint Secretary,"Micro, Small & Medium Enterprise Department",Government,Morning,All Days,1.0,od.gov.in,Internal Contacts,395.1,"payment, banking/beneficiary, access/credentials, document, data/records, approval, deadline/filing, contact/coordination, meeting, assistance/informal",Email,DERIVED_FROM_DATASET2_500_FINAL_V7_LEGITIMATE_RECORDS
ID-0258,"Smt Mamata Nayak, OAS",Joint Secretary,"Handlooms, Textiles & Handicrafts Department",Government,Mixed,"Monday, Wednesday, Thursday, Friday, Saturday, Sunday",1.0,gmail.com,Internal Contacts,406.9,"payment, banking/beneficiary, access/credentials, document, data/records, approval, deadline/filing, contact/coordination, meeting, assistance/informal",Email,DERIVED_FROM_DATASET2_500_FINAL_V7_LEGITIMATE_RECORDS
ID-0259,"Shri Bijay Kumar Prusty, IAS",Director of Estate & Ex-officio Addl. Secretary,Department of General Administration & Public Grievance,Government,Morning,All Days,1.0,nic.in,Internal Contacts,433.0,"payment, banking/beneficiary, access/credentials, document, data/records, approval, deadline/filing, contact/coordination, meeting, assistance/informal",Email,DERIVED_FROM_DATASET2_500_FINAL_V7_LEGITIMATE_RECORDS
ID-0260,"Sri Rudra Narayan Dash, OAS",Additional Secretary,Department of Tourism,Government,Afternoon,"Monday, Tuesday, Wednesday, Thursday, Friday, Sunday",1.0,nic.in,Internal Contacts,472.2,"payment, banking/beneficiary, access/credentials, document, data/records, approval, deadline/filing, contact/coordination, meeting, assistance/informal",Email,DERIVED_FROM_DATASET2_500_FINAL_V7_LEGITIMATE_RECORDS
ID-0261,Smt. Usharani Das,Special Secretary,Department of Co-operation,Government,Mixed,"Monday, Tuesday, Wednesday, Thursday, Saturday",1.0,odisha.gov.in,Internal Contacts,455.9,"payment, banking/beneficiary, access/credentials, document, data/records, approval, deadline/filing, contact/coordination, meeting, assistance/informal",Email,DERIVED_FROM_DATASET2_500_FINAL_V7_LEGITIMATE_RECORDS
ID-0262,"Shri Girish Chandra Singh, IAS",Additional Secretary,Department of School and Mass Education,Government,Morning,All Days,1.0,nic.in,Internal Contacts,456.3,"payment, banking/beneficiary, access/credentials, document, data/records, approval, deadline/filing, contact/coordination, meeting, assistance/informal",Email,DERIVED_FROM_DATASET2_500_FINAL_V7_LEGITIMATE_RECORDS
ID-0263,Sri Surendra Kumar Sahoo,FA-cum-Additional Secretary to Govt,Department of Co-operation,Government,Morning,"Tuesday, Wednesday, Thursday, Friday, Saturday, Sunday",1.0,nic.in,Internal Contacts,403.9,"payment, banking/beneficiary, access/credentials, document, data/records, approval, deadline/filing, contact/coordination, meeting, assistance/informal",Email,DERIVED_FROM_DATASET2_500_FINAL_V7_LEGITIMATE_RECORDS
ID-0264,Puneet Chandok,"President, Microsoft India & South Asia",Microsoft India,Company/Executive,Afternoon,"Monday, Wednesday, Thursday, Saturday, Sunday",1.0,microsoft.com,Internal Contacts,431.8,"payment, banking/beneficiary, access/credentials, document, data/records, approval, deadline/filing, contact/coordination, meeting, assistance/informal",Email,DERIVED_FROM_DATASET2_500_FINAL_V7_LEGITIMATE_RECORDS
ID-0265,Rajiv Kumar,"Managing Director & President, Microsoft India Development Center",Microsoft India,Company/Executive,Mixed,"Monday, Wednesday, Thursday, Friday, Sunday",1.0,microsoft.com,Internal Contacts,415.4,"payment, banking/beneficiary, access/credentials, document, data/records, approval, deadline/filing, contact/coordination, meeting, assistance/informal",Email,DERIVED_FROM_DATASET2_500_FINAL_V7_LEGITIMATE_RECORDS
ID-0266,Himani Agrawal,"Chief Operating Officer, Microsoft India & South Asia",Microsoft India,Company/Executive,Afternoon,"Tuesday, Wednesday, Thursday, Friday, Saturday",1.0,microsoft.com,Internal Contacts,443.2,"payment, banking/beneficiary, access/credentials, document, data/records, approval, deadline/filing, contact/coordination, meeting, assistance/informal",Email,DERIVED_FROM_DATASET2_500_FINAL_V7_LEGITIMATE_RECORDS
ID-0267,Aruna Singh,"Chief Financial Officer, Microsoft India & South Asia",Microsoft India,Company/Executive,Afternoon,"Monday, Thursday, Friday, Sunday",1.11,microsoft.com,Internal Contacts,480.1,"payment, banking/beneficiary, access/credentials, document, data/records, approval, deadline/filing, contact/coordination, meeting, assistance/informal",Email,DERIVED_FROM_DATASET2_500_FINAL_V7_LEGITIMATE_RECORDS
ID-0268,Dahnesh Dilkhush,"Chief Technology Officer, Microsoft India & South Asia",Microsoft India,Company/Executive,Evening,All Days,1.0,microsoft.com,Internal Contacts,433.1,"payment, banking/beneficiary, access/credentials, document, data/records, approval, deadline/filing, contact/coordination, meeting, assistance/informal",Email,DERIVED_FROM_DATASET2_500_FINAL_V7_LEGITIMATE_RECORDS
ID-0269,Aparna Kondaboina,"Head of HR, MCAPS India & South Asia",Microsoft India,Company/Executive,Afternoon,"Tuesday, Wednesday, Thursday, Saturday, Sunday",1.0,microsoft.com,External Contacts,440.8,"payment, banking/beneficiary, access/credentials, document, data/records, approval, deadline/filing, contact/coordination, meeting, assistance/informal",Email,DERIVED_FROM_DATASET2_500_FINAL_V7_LEGITIMATE_RECORDS
ID-0270,Preeti Lobana,Country Manager & Vice President,Google India,Company/Executive,Afternoon,"Tuesday, Thursday, Friday, Saturday, Sunday",1.0,google.com,Internal Contacts,473.2,"payment, banking/beneficiary, access/credentials, document, data/records, approval, deadline/filing, contact/coordination, meeting, assistance/informal",Email,DERIVED_FROM_DATASET2_500_FINAL_V7_LEGITIMATE_RECORDS
ID-0271,Roma Datta Chobey,"Managing Director, Digital Native Industries",Google India,Company/Executive,Afternoon,"Monday, Tuesday, Wednesday, Friday, Saturday, Sunday",1.0,google.com,Internal Contacts,470.2,"payment, banking/beneficiary, access/credentials, document, data/records, approval, deadline/filing, contact/coordination, meeting, assistance/informal",Email,DERIVED_FROM_DATASET2_500_FINAL_V7_LEGITIMATE_RECORDS
ID-0272,Sashikumar Sreedharan,Managing Director,Google Cloud India,Company/Executive,Afternoon,"Monday, Tuesday, Wednesday, Thursday, Saturday, Sunday",1.0,google.com,Internal Contacts,434.4,"payment, banking/beneficiary, access/credentials, document, data/records, approval, deadline/filing, contact/coordination, meeting, assistance/informal",Email,DERIVED_FROM_DATASET2_500_FINAL_V7_LEGITIMATE_RECORDS
ID-0273,Samir Kumar,Country Manager,Amazon India,Company/Executive,Afternoon,"Monday, Thursday, Friday, Saturday, Sunday",1.0,amazon.in,Internal Contacts,428.7,"payment, banking/beneficiary, access/credentials, document, data/records, approval, deadline/filing, contact/coordination, meeting, assistance/informal",Email,DERIVED_FROM_DATASET2_500_FINAL_V7_LEGITIMATE_RECORDS
ID-0274,Amit Agarwal,"Senior Vice President, Emerging Markets",Amazon,Company/Executive,Afternoon,All Days,1.0,amazon.in,External Contacts,432.0,"payment, banking/beneficiary, access/credentials, document, data/records, approval, deadline/filing, contact/coordination, meeting, assistance/informal",Email,DERIVED_FROM_DATASET2_500_FINAL_V7_LEGITIMATE_RECORDS
ID-0275,Sandeep Dutta,"President, India & South Asia",Amazon Web Services India,Company/Executive,Afternoon,All Days,1.0,aws.amazon.com,External Contacts,461.4,"payment, banking/beneficiary, access/credentials, document, data/records, approval, deadline/filing, contact/coordination, meeting, assistance/informal",Email,DERIVED_FROM_DATASET2_500_FINAL_V7_LEGITIMATE_RECORDS
ID-0276,Saurabh Srivastava,"VP, Category Leadership",Amazon India,Company/Executive,Afternoon,"Tuesday, Thursday, Friday, Saturday, Sunday",1.0,amazon.in,Internal Contacts,445.9,"payment, banking/beneficiary, access/credentials, document, data/records, approval, deadline/filing, contact/coordination, meeting, assistance/informal",Email,DERIVED_FROM_DATASET2_500_FINAL_V7_LEGITIMATE_RECORDS
ID-0277,Roshni Nadar Malhotra,Chairperson,HCLTech,Company/Executive,Afternoon,"Tuesday, Wednesday, Friday, Sunday",1.0,hcltech.com,Internal Contacts,459.5,"payment, banking/beneficiary, access/credentials, document, data/records, approval, deadline/filing, contact/coordination, meeting, assistance/informal",Email,DERIVED_FROM_DATASET2_500_FINAL_V7_LEGITIMATE_RECORDS
ID-0278,C. Vijayakumar,CEO & Managing Director,HCLTech,Company/Executive,Afternoon,"Monday, Tuesday, Wednesday, Thursday, Saturday, Sunday",1.0,hcltech.com,Internal Contacts,397.8,"payment, banking/beneficiary, access/credentials, document, data/records, approval, deadline/filing, contact/coordination, meeting, assistance/informal",Email,DERIVED_FROM_DATASET2_500_FINAL_V7_LEGITIMATE_RECORDS
ID-0279,Shiv Walia,Chief Financial Officer,HCLTech,Company/Executive,Mixed,"Monday, Thursday, Friday, Saturday, Sunday",1.0,hcltech.com,Internal Contacts,447.6,"payment, banking/beneficiary, access/credentials, document, data/records, approval, deadline/filing, contact/coordination, meeting, assistance/informal",Email,DERIVED_FROM_DATASET2_500_FINAL_V7_LEGITIMATE_RECORDS
ID-0280,Jagadeshwar Gattu,"President, Digital Foundation Services",HCLTech,Company/Executive,Afternoon,"Tuesday, Wednesday, Thursday, Friday, Saturday, Sunday",1.0,hcltech.com,Internal Contacts,461.5,"payment, banking/beneficiary, access/credentials, document, data/records, approval, deadline/filing, contact/coordination, meeting, assistance/informal",Email,DERIVED_FROM_DATASET2_500_FINAL_V7_LEGITIMATE_RECORDS
ID-0281,Vijay Guntur,Chief Technology Officer,HCLTech,Company/Executive,Afternoon,"Monday, Thursday, Friday, Saturday, Sunday",1.0,hcltech.com,Internal Contacts,426.0,"payment, banking/beneficiary, access/credentials, document, data/records, approval, deadline/filing, contact/coordination, meeting, assistance/informal",Email,DERIVED_FROM_DATASET2_500_FINAL_V7_LEGITIMATE_RECORDS
ID-0282,Ramachandran Sundararajan,Chief People Officer,HCLTech,Company/Executive,Afternoon,"Monday, Wednesday, Thursday, Friday, Saturday, Sunday",1.0,hcltech.com,External Contacts,409.9,"payment, banking/beneficiary, access/credentials, document, data/records, approval, deadline/filing, contact/coordination, meeting, assistance/informal",Email,DERIVED_FROM_DATASET2_500_FINAL_V7_LEGITIMATE_RECORDS
ID-0283,Mohit Joshi,CEO & Managing Director,Tech Mahindra,Company/Executive,Afternoon,"Monday, Tuesday, Wednesday, Thursday, Saturday, Sunday",1.0,techmahindra.com,Internal Contacts,455.7,"payment, banking/beneficiary, access/credentials, document, data/records, approval, deadline/filing, contact/coordination, meeting, assistance/informal",Email,DERIVED_FROM_DATASET2_500_FINAL_V7_LEGITIMATE_RECORDS
ID-0284,Atul Soneja,Chief Operating Officer,Tech Mahindra,Company/Executive,Afternoon,"Monday, Wednesday, Thursday, Friday, Saturday, Sunday",1.0,techmahindra.com,Internal Contacts,433.4,"payment, banking/beneficiary, access/credentials, document, data/records, approval, deadline/filing, contact/coordination, meeting, assistance/informal",Email,DERIVED_FROM_DATASET2_500_FINAL_V7_LEGITIMATE_RECORDS
ID-0285,Rohit Anand,Chief Financial Officer,Tech Mahindra,Company/Executive,Afternoon,"Tuesday, Wednesday, Thursday, Saturday, Sunday",1.0,techmahindra.com,Internal Contacts,481.0,"payment, banking/beneficiary, access/credentials, document, data/records, approval, deadline/filing, contact/coordination, meeting, assistance/informal",Email,DERIVED_FROM_DATASET2_500_FINAL_V7_LEGITIMATE_RECORDS
ID-0286,Richard Lobo,Chief People Officer,Tech Mahindra,Company/Executive,Afternoon,All Days,1.0,techmahindra.com,Internal Contacts,434.8,"payment, banking/beneficiary, access/credentials, document, data/records, approval, deadline/filing, contact/coordination, meeting, assistance/informal",Email,DERIVED_FROM_DATASET2_500_FINAL_V7_LEGITIMATE_RECORDS
ID-0287,Sahil Dhawan,"President & Head, India, Middle East & Africa Business",Tech Mahindra,Company/Executive,Afternoon,"Monday, Tuesday, Wednesday, Thursday, Friday, Sunday",1.0,techmahindra.com,Internal Contacts,479.5,"payment, banking/beneficiary, access/credentials, document, data/records, approval, deadline/filing, contact/coordination, meeting, assistance/informal",Email,DERIVED_FROM_DATASET2_500_FINAL_V7_LEGITIMATE_RECORDS
ID-0288,Ravi Kumar S,Chief Executive Officer,Cognizant,Company/Executive,Morning,"Monday, Wednesday, Thursday, Friday, Saturday",1.0,cognizant.com,Internal Contacts,370.5,"payment, banking/beneficiary, access/credentials, document, data/records, approval, deadline/filing, contact/coordination, meeting, assistance/informal",Email,DERIVED_FROM_DATASET2_500_FINAL_V7_LEGITIMATE_RECORDS
ID-0289,Jatin Dalal,Chief Financial Officer,Cognizant,Company/Executive,Afternoon,"Monday, Tuesday, Wednesday, Friday, Saturday, Sunday",1.0,cognizant.com,Internal Contacts,440.4,"payment, banking/beneficiary, access/credentials, document, data/records, approval, deadline/filing, contact/coordination, meeting, assistance/informal",Email,DERIVED_FROM_DATASET2_500_FINAL_V7_LEGITIMATE_RECORDS
ID-0290,Rajesh Varrier,President & Managing Director,Cognizant India,Company/Executive,Afternoon,"Monday, Tuesday, Thursday, Friday, Saturday, Sunday",1.0,cognizant.com,Internal Contacts,496.5,"payment, banking/beneficiary, access/credentials, document, data/records, approval, deadline/filing, contact/coordination, meeting, assistance/informal",Email,DERIVED_FROM_DATASET2_500_FINAL_V7_LEGITIMATE_RECORDS
ID-0291,Sanjay Chalke,CEO,Capgemini India,Company/Executive,Afternoon,"Monday, Wednesday, Thursday, Friday, Saturday, Sunday",1.0,capgemini.com,Internal Contacts,450.0,"payment, banking/beneficiary, access/credentials, document, data/records, approval, deadline/filing, contact/coordination, meeting, assistance/informal",Email,DERIVED_FROM_DATASET2_500_FINAL_V7_LEGITIMATE_RECORDS
ID-0292,Ashwin Yardi,Non-Executive Chairman,Capgemini India,Company/Executive,Morning,"Tuesday, Wednesday, Friday, Saturday, Sunday",1.0,capgemini.com,Internal Contacts,417.2,"payment, banking/beneficiary, access/credentials, document, data/records, approval, deadline/filing, contact/coordination, meeting, assistance/informal",Email,DERIVED_FROM_DATASET2_500_FINAL_V7_LEGITIMATE_RECORDS
ID-0293,Ajay Vij,Country Managing Director,Accenture India,Company/Executive,Afternoon,"Monday, Tuesday, Thursday, Saturday, Sunday",1.0,accenture.com,Internal Contacts,425.2,"payment, banking/beneficiary, access/credentials, document, data/records, approval, deadline/filing, contact/coordination, meeting, assistance/informal",Email,DERIVED_FROM_DATASET2_500_FINAL_V7_LEGITIMATE_RECORDS
ID-0294,Aditi Kulkarni,"Lead, Advanced Technology Centers in India",Accenture India,Company/Executive,Afternoon,"Thursday, Friday, Saturday, Sunday",1.11,accenture.com,Internal Contacts,477.9,"payment, banking/beneficiary, access/credentials, document, data/records, approval, deadline/filing, contact/coordination, meeting, assistance/informal",Email,DERIVED_FROM_DATASET2_500_FINAL_V7_LEGITIMATE_RECORDS
ID-0295,Romal Shetty,"CEO, South Asia",Deloitte India,Company/Executive,Afternoon,"Monday, Tuesday, Wednesday, Friday, Sunday",1.0,deloitte.com,External Contacts,471.6,"payment, banking/beneficiary, access/credentials, document, data/records, approval, deadline/filing, contact/coordination, meeting, assistance/informal",Email,DERIVED_FROM_DATASET2_500_FINAL_V7_LEGITIMATE_RECORDS
ID-0296,Shailender Kumar,Senior Vice President & Regional Managing Director,Oracle India,Company/Executive,Afternoon,"Monday, Wednesday, Friday, Saturday, Sunday",1.0,oracle.com,Internal Contacts,424.4,"payment, banking/beneficiary, access/credentials, document, data/records, approval, deadline/filing, contact/coordination, meeting, assistance/informal",Email,DERIVED_FROM_DATASET2_500_FINAL_V7_LEGITIMATE_RECORDS
ID-0297,Manish Prasad,"President & Managing Director, Indian Subcontinent",SAP India,Company/Executive,Afternoon,All Days,1.0,sap.com,Internal Contacts,433.4,"payment, banking/beneficiary, access/credentials, document, data/records, approval, deadline/filing, contact/coordination, meeting, assistance/informal",Email,DERIVED_FROM_DATASET2_500_FINAL_V7_LEGITIMATE_RECORDS
ID-0298,Priya Nair,CEO & Managing Director,Hindustan Unilever Limited,Company/Executive,Mixed,"Monday, Tuesday, Wednesday, Friday, Saturday, Sunday",1.0,hul.co.in,Internal Contacts,471.7,"payment, banking/beneficiary, access/credentials, document, data/records, approval, deadline/filing, contact/coordination, meeting, assistance/informal",Email,DERIVED_FROM_DATASET2_500_FINAL_V7_LEGITIMATE_RECORDS
ID-0299,Sanjiv Puri,Chairman & Managing Director,ITC Limited,Company/Executive,Afternoon,"Monday, Tuesday, Thursday, Saturday, Sunday",1.0,itcportal.com,Internal Contacts,465.8,"payment, banking/beneficiary, access/credentials, document, data/records, approval, deadline/filing, contact/coordination, meeting, assistance/informal",Email,DERIVED_FROM_DATASET2_500_FINAL_V7_LEGITIMATE_RECORDS
ID-0300,Manish Tiwary,Chairman & Managing Director,Nestle India,Company/Executive,Afternoon,"Monday, Tuesday, Thursday, Friday, Sunday",1.0,nestle.in,Internal Contacts,396.3,"payment, banking/beneficiary, access/credentials, document, data/records, approval, deadline/filing, contact/coordination, meeting, assistance/informal",Email,DERIVED_FROM_DATASET2_500_FINAL_V7_LEGITIMATE_RECORDS
ID-0301,Jagrut Kotecha,"CEO, India & South Asia",PepsiCo India,Company/Executive,Afternoon,"Monday, Tuesday, Thursday, Friday, Sunday",1.0,pepsicoindia.co.in,Internal Contacts,470.9,"payment, banking/beneficiary, access/credentials, document, data/records, approval, deadline/filing, contact/coordination, meeting, assistance/informal",Email,DERIVED_FROM_DATASET2_500_FINAL_V7_LEGITIMATE_RECORDS
ID-0302,Sanket Ray,"President, India & Southwest Asia",Coca-Cola India,Company/Executive,Afternoon,"Monday, Tuesday, Wednesday, Thursday, Friday, Saturday",1.0,coca-cola.com,External Contacts,465.1,"payment, banking/beneficiary, access/credentials, document, data/records, approval, deadline/filing, contact/coordination, meeting, assistance/informal",Email,DERIVED_FROM_DATASET2_500_FINAL_V7_LEGITIMATE_RECORDS
ID-0303,Sunil Bharti Mittal,Founder & Chairman,Bharti Airtel,Company/Executive,Morning,"Tuesday, Wednesday, Thursday, Friday",1.0,airtel.in,Internal Contacts,457.4,"payment, banking/beneficiary, access/credentials, document, data/records, approval, deadline/filing, contact/coordination, meeting, assistance/informal",Email,DERIVED_FROM_DATASET2_500_FINAL_V7_LEGITIMATE_RECORDS
ID-0304,Gopal Vittal,Executive Vice Chairman,Bharti Airtel,Company/Executive,Afternoon,"Monday, Tuesday, Wednesday, Thursday, Saturday, Sunday",1.0,airtel.in,Internal Contacts,446.0,"payment, banking/beneficiary, access/credentials, document, data/records, approval, deadline/filing, contact/coordination, meeting, assistance/informal",Email,DERIVED_FROM_DATASET2_500_FINAL_V7_LEGITIMATE_RECORDS
ID-0305,Shashwat Sharma,Managing Director & CEO,Airtel India,Company/Executive,Mixed,"Monday, Tuesday, Wednesday, Thursday, Saturday, Sunday",1.0,airtel.in,External Contacts,420.9,"payment, banking/beneficiary, access/credentials, document, data/records, approval, deadline/filing, contact/coordination, meeting, assistance/informal",Email,DERIVED_FROM_DATASET2_500_FINAL_V7_LEGITIMATE_RECORDS
ID-0306,Soumen Ray,Group Chief Financial Officer,Bharti Airtel,Company/Executive,Afternoon,"Monday, Wednesday, Thursday, Saturday, Sunday",1.11,airtel.in,Internal Contacts,446.7,"payment, banking/beneficiary, access/credentials, document, data/records, approval, deadline/filing, contact/coordination, meeting, assistance/informal",Email,DERIVED_FROM_DATASET2_500_FINAL_V7_LEGITIMATE_RECORDS
ID-0307,Akash Ambani,Chairman,Reliance Jio Infocomm,Company/Executive,Afternoon,All Days,1.0,jio.com,Internal Contacts,441.1,"payment, banking/beneficiary, access/credentials, document, data/records, approval, deadline/filing, contact/coordination, meeting, assistance/informal",Email,DERIVED_FROM_DATASET2_500_FINAL_V7_LEGITIMATE_RECORDS
ID-0308,Pankaj Mohan Pawar,CEO,Jio Platforms,Company/Executive,Afternoon,"Monday, Tuesday, Wednesday, Friday, Saturday, Sunday",1.0,jio.com,Internal Contacts,459.4,"payment, banking/beneficiary, access/credentials, document, data/records, approval, deadline/filing, contact/coordination, meeting, assistance/informal",Email,DERIVED_FROM_DATASET2_500_FINAL_V7_LEGITIMATE_RECORDS
ID-0309,Shailesh Chandra,CEO & Managing Director,Tata Motors,Company/Executive,Morning,All Days,1.0,tatamotors.com,Internal Contacts,476.6,"payment, banking/beneficiary, access/credentials, document, data/records, approval, deadline/filing, contact/coordination, meeting, assistance/informal",Email,DERIVED_FROM_DATASET2_500_FINAL_V7_LEGITIMATE_RECORDS
ID-0310,Girish Wagh,CEO & Managing Director,TML Commercial Vehicles,Company/Executive,Afternoon,"Tuesday, Wednesday, Thursday, Saturday, Sunday",1.0,tatamotors.com,Internal Contacts,424.8,"payment, banking/beneficiary, access/credentials, document, data/records, approval, deadline/filing, contact/coordination, meeting, assistance/informal",Email,DERIVED_FROM_DATASET2_500_FINAL_V7_LEGITIMATE_RECORDS
ID-0311,Dhiman Gupta,Chief Financial Officer,Tata Motors,Company/Executive,Afternoon,"Monday, Tuesday, Wednesday, Thursday, Saturday",1.0,tatamotors.com,Internal Contacts,451.0,"payment, banking/beneficiary, access/credentials, document, data/records, approval, deadline/filing, contact/coordination, meeting, assistance/informal",Email,DERIVED_FROM_DATASET2_500_FINAL_V7_LEGITIMATE_RECORDS
ID-0312,Hisashi Takeuchi,CEO & Managing Director,Maruti Suzuki India,Company/Executive,Afternoon,"Tuesday, Wednesday, Thursday, Friday, Sunday",1.0,marutisuzuki.com,Internal Contacts,473.6,"payment, banking/beneficiary, access/credentials, document, data/records, approval, deadline/filing, contact/coordination, meeting, assistance/informal",Email,DERIVED_FROM_DATASET2_500_FINAL_V7_LEGITIMATE_RECORDS
ID-0313,R.C. Bhargava,Chairman,Maruti Suzuki India,Company/Executive,Afternoon,"Tuesday, Wednesday, Thursday, Friday, Sunday",1.0,marutisuzuki.com,Internal Contacts,461.4,"payment, banking/beneficiary, access/credentials, document, data/records, approval, deadline/filing, contact/coordination, meeting, assistance/informal",Email,DERIVED_FROM_DATASET2_500_FINAL_V7_LEGITIMATE_RECORDS
ID-0314,Arnab Roy,Chief Financial Officer,Maruti Suzuki India,Company/Executive,Afternoon,"Monday, Tuesday, Wednesday, Thursday, Saturday, Sunday",1.0,marutisuzuki.com,Internal Contacts,460.6,"payment, banking/beneficiary, access/credentials, document, data/records, approval, deadline/filing, contact/coordination, meeting, assistance/informal",Email,DERIVED_FROM_DATASET2_500_FINAL_V7_LEGITIMATE_RECORDS
ID-0315,Guruprasad Mudlapur,Managing Director & President,Bosch Group India,Company/Executive,Afternoon,"Monday, Wednesday, Thursday, Friday, Saturday, Sunday",1.0,bosch.in,Internal Contacts,444.8,"payment, banking/beneficiary, access/credentials, document, data/records, approval, deadline/filing, contact/coordination, meeting, assistance/informal",Email,DERIVED_FROM_DATASET2_500_FINAL_V7_LEGITIMATE_RECORDS
ID-0316,Sunil Mathur,CEO & Managing Director,Siemens India,Company/Executive,Morning,"Monday, Tuesday, Thursday, Friday, Saturday, Sunday",1.0,siemens.com,Internal Contacts,454.0,"payment, banking/beneficiary, access/credentials, document, data/records, approval, deadline/filing, contact/coordination, meeting, assistance/informal",Email,DERIVED_FROM_DATASET2_500_FINAL_V7_LEGITIMATE_RECORDS
ID-0317,S. N. Subrahmanyan,Chairman & Managing Director,Larsen & Toubro,Company/Executive,Morning,"Monday, Tuesday, Wednesday, Thursday, Saturday, Sunday",1.0,larsentoubro.com,External Contacts,494.1,"payment, banking/beneficiary, access/credentials, document, data/records, approval, deadline/filing, contact/coordination, meeting, assistance/informal",Email,DERIVED_FROM_DATASET2_500_FINAL_V7_LEGITIMATE_RECORDS
ID-0318,Subramanian Sarma,Deputy Managing Director & President,Larsen & Toubro,Company/Executive,Afternoon,Weekdays,1.0,larsentoubro.com,Internal Contacts,472.8,"payment, banking/beneficiary, access/credentials, document, data/records, approval, deadline/filing, contact/coordination, meeting, assistance/informal",Email,DERIVED_FROM_DATASET2_500_FINAL_V7_LEGITIMATE_RECORDS
ID-0319,P. Ramakrishnan,Chief Financial Officer,Larsen & Toubro,Company/Executive,Afternoon,"Monday, Wednesday, Thursday, Friday, Saturday, Sunday",1.0,larsentoubro.com,Internal Contacts,475.7,"payment, banking/beneficiary, access/credentials, document, data/records, approval, deadline/filing, contact/coordination, meeting, assistance/informal",Email,DERIVED_FROM_DATASET2_500_FINAL_V7_LEGITIMATE_RECORDS
ID-0320,Mukesh D. Ambani,Chairman & Managing Director,Reliance Industries,Company/Executive,Afternoon,"Wednesday, Friday, Saturday, Sunday",1.0,ril.com,Internal Contacts,442.6,"payment, banking/beneficiary, access/credentials, document, data/records, approval, deadline/filing, contact/coordination, meeting, assistance/informal",Email,DERIVED_FROM_DATASET2_500_FINAL_V7_LEGITIMATE_RECORDS
ID-0321,Srikanth Venkatachari,Chief Financial Officer,Reliance Industries,Company/Executive,Afternoon,"Tuesday, Wednesday, Thursday, Friday, Saturday, Sunday",1.0,ril.com,External Contacts,455.8,"payment, banking/beneficiary, access/credentials, document, data/records, approval, deadline/filing, contact/coordination, meeting, assistance/informal",Email,DERIVED_FROM_DATASET2_500_FINAL_V7_LEGITIMATE_RECORDS
ID-0322,T. V. Narendran,CEO & Managing Director,Tata Steel,Company/Executive,Morning,All Days,1.0,tatasteel.com,Internal Contacts,411.7,"payment, banking/beneficiary, access/credentials, document, data/records, approval, deadline/filing, contact/coordination, meeting, assistance/informal",Email,DERIVED_FROM_DATASET2_500_FINAL_V7_LEGITIMATE_RECORDS
ID-0323,Koushik Chatterjee,Executive Director & CFO,Tata Steel,Company/Executive,Afternoon,"Monday, Wednesday, Thursday, Friday, Saturday, Sunday",1.11,tatasteel.com,Internal Contacts,447.0,"payment, banking/beneficiary, access/credentials, document, data/records, approval, deadline/filing, contact/coordination, meeting, assistance/informal",Email,DERIVED_FROM_DATASET2_500_FINAL_V7_LEGITIMATE_RECORDS
ID-0324,Parvatheesam Kanchinadham,Company Secretary & Chief Legal Officer,Tata Steel,Company/Executive,Afternoon,"Monday, Tuesday, Wednesday, Thursday, Saturday, Sunday",1.0,tatasteel.com,Internal Contacts,417.8,"payment, banking/beneficiary, access/credentials, document, data/records, approval, deadline/filing, contact/coordination, meeting, assistance/informal",Email,DERIVED_FROM_DATASET2_500_FINAL_V7_LEGITIMATE_RECORDS
ID-0325,Daisy Chittilapilly,"President, India & SAARC",Cisco India,Company/Executive,Afternoon,"Monday, Wednesday, Thursday, Friday",1.0,cisco.com,Internal Contacts,428.7,"payment, banking/beneficiary, access/credentials, document, data/records, approval, deadline/filing, contact/coordination, meeting, assistance/informal",Email,DERIVED_FROM_DATASET2_500_FINAL_V7_LEGITIMATE_RECORDS
ID-0326,Gokul Subramaniam,President,Intel India,Company/Executive,Mixed,"Monday, Tuesday, Wednesday, Friday, Saturday, Sunday",1.0,intel.in,Internal Contacts,462.1,"payment, banking/beneficiary, access/credentials, document, data/records, approval, deadline/filing, contact/coordination, meeting, assistance/informal",Email,DERIVED_FROM_DATASET2_500_FINAL_V7_LEGITIMATE_RECORDS
ID-0327,Anil Chakravarthy,President & CEO-Designate,Adobe,Company/Executive,Afternoon,"Monday, Wednesday, Thursday, Friday, Saturday, Sunday",1.0,adobe.com,External Contacts,455.9,"payment, banking/beneficiary, access/credentials, document, data/records, approval, deadline/filing, contact/coordination, meeting, assistance/informal",Email,DERIVED_FROM_DATASET2_500_FINAL_V7_LEGITIMATE_RECORDS
ID-0328,Gautam Aggarwal,"Division President, South Asia",Mastercard India,Company/Executive,Morning,All Days,1.0,mastercard.com,Internal Contacts,401.4,"payment, banking/beneficiary, access/credentials, document, data/records, approval, deadline/filing, contact/coordination, meeting, assistance/informal",Email,DERIVED_FROM_DATASET2_500_FINAL_V7_LEGITIMATE_RECORDS
ID-0329,Suresh Sethi,"Group Country Manager, India & South Asia",Visa India,Company/Executive,Afternoon,"Monday, Tuesday, Wednesday, Thursday",1.0,visa.com,External Contacts,413.7,"payment, banking/beneficiary, access/credentials, document, data/records, approval, deadline/filing, contact/coordination, meeting, assistance/informal",Email,DERIVED_FROM_DATASET2_500_FINAL_V7_LEGITIMATE_RECORDS
ID-0330,Dilip Shanghvi,Executive Chairman,Sun Pharmaceutical Industries,Company/Executive,Mixed,"Monday, Tuesday, Wednesday, Thursday, Friday, Sunday",1.0,sunpharma.com,Internal Contacts,433.0,"payment, banking/beneficiary, access/credentials, document, data/records, approval, deadline/filing, contact/coordination, meeting, assistance/informal",Email,DERIVED_FROM_DATASET2_500_FINAL_V7_LEGITIMATE_RECORDS
ID-0331,Kirti Ganorkar,Managing Director,Sun Pharmaceutical Industries,Company/Executive,Afternoon,"Tuesday, Wednesday, Thursday, Friday, Saturday",1.0,sunpharma.com,Internal Contacts,416.6,"payment, banking/beneficiary, access/credentials, document, data/records, approval, deadline/filing, contact/coordination, meeting, assistance/informal",Email,DERIVED_FROM_DATASET2_500_FINAL_V7_LEGITIMATE_RECORDS
ID-0332,G.V. Prasad,Co-Chairman & Managing Director,Dr. Reddy's Laboratories,Company/Executive,Morning,"Monday, Tuesday, Wednesday, Thursday, Saturday, Sunday",1.0,drreddys.com,External Contacts,419.4,"payment, banking/beneficiary, access/credentials, document, data/records, approval, deadline/filing, contact/coordination, meeting, assistance/informal",Email,DERIVED_FROM_DATASET2_500_FINAL_V7_LEGITIMATE_RECORDS
ID-0333,Erez Israeli,Chief Executive Officer,Dr. Reddy's Laboratories,Company/Executive,Afternoon,"Tuesday, Wednesday, Thursday, Saturday, Sunday",1.0,drreddys.com,Internal Contacts,399.2,"payment, banking/beneficiary, access/credentials, document, data/records, approval, deadline/filing, contact/coordination, meeting, assistance/informal",Email,DERIVED_FROM_DATASET2_500_FINAL_V7_LEGITIMATE_RECORDS
ID-0334,Achin Gupta,Managing Director & Global CEO,Cipla,Company/Executive,Mixed,"Tuesday, Wednesday, Thursday, Friday, Saturday, Sunday",1.0,cipla.com,Internal Contacts,438.8,"payment, banking/beneficiary, access/credentials, document, data/records, approval, deadline/filing, contact/coordination, meeting, assistance/informal",Email,DERIVED_FROM_DATASET2_500_FINAL_V7_LEGITIMATE_RECORDS
ID-0335,Nilesh D. Gupta,Managing Director,Lupin,Company/Executive,Afternoon,"Monday, Tuesday, Wednesday, Thursday, Friday, Sunday",1.0,lupin.com,Internal Contacts,444.2,"payment, banking/beneficiary, access/credentials, document, data/records, approval, deadline/filing, contact/coordination, meeting, assistance/informal",Email,DERIVED_FROM_DATASET2_500_FINAL_V7_LEGITIMATE_RECORDS
ID-0336,Vinita Gupta,CEO,Lupin,Company/Executive,Afternoon,"Monday, Tuesday, Wednesday, Thursday, Friday, Saturday",1.0,lupin.com,Internal Contacts,416.5,"payment, banking/beneficiary, access/credentials, document, data/records, approval, deadline/filing, contact/coordination, meeting, assistance/informal",Email,DERIVED_FROM_DATASET2_500_FINAL_V7_LEGITIMATE_RECORDS
ID-0337,Kiran Mazumdar-Shaw,Executive Chairperson,Biocon,Company/Executive,Afternoon,All Days,1.0,biocon.com,Internal Contacts,473.2,"payment, banking/beneficiary, access/credentials, document, data/records, approval, deadline/filing, contact/coordination, meeting, assistance/informal",Email,DERIVED_FROM_DATASET2_500_FINAL_V7_LEGITIMATE_RECORDS
ID-0338,Shreehas Tambe,CEO & Managing Director,Biocon,Company/Executive,Mixed,"Monday, Tuesday, Wednesday, Thursday, Sunday",1.0,biocon.com,Internal Contacts,424.3,"payment, banking/beneficiary, access/credentials, document, data/records, approval, deadline/filing, contact/coordination, meeting, assistance/informal",Email,DERIVED_FROM_DATASET2_500_FINAL_V7_LEGITIMATE_RECORDS
ID-0339,Kalyan Krishnamurthy,CEO,Flipkart,Company/Executive,Afternoon,All Days,1.0,flipkart.com,Internal Contacts,428.3,"payment, banking/beneficiary, access/credentials, document, data/records, approval, deadline/filing, contact/coordination, meeting, assistance/informal",Email,DERIVED_FROM_DATASET2_500_FINAL_V7_LEGITIMATE_RECORDS
ID-0340,Vijay Shekhar Sharma,"Chairman, Managing Director & CEO",Paytm (One97 Communications),Company/Executive,Afternoon,All Days,1.0,paytm.com,Internal Contacts,470.0,"payment, banking/beneficiary, access/credentials, document, data/records, approval, deadline/filing, contact/coordination, meeting, assistance/informal",Email,DERIVED_FROM_DATASET2_500_FINAL_V7_LEGITIMATE_RECORDS
ID-0341,Albinder Dhindsa,CEO,Zomato,Company/Executive,Mixed,"Monday, Tuesday, Wednesday, Friday, Saturday, Sunday",1.11,zomato.com,Internal Contacts,408.5,"payment, banking/beneficiary, access/credentials, document, data/records, approval, deadline/filing, contact/coordination, meeting, assistance/informal",Email,DERIVED_FROM_DATASET2_500_FINAL_V7_LEGITIMATE_RECORDS
ID-0342,Sriharsha Majety,Managing Director & Group CEO,Swiggy,Company/Executive,Mixed,"Monday, Wednesday, Thursday, Friday, Saturday",1.0,swiggy.com,Internal Contacts,457.5,"payment, banking/beneficiary, access/credentials, document, data/records, approval, deadline/filing, contact/coordination, meeting, assistance/informal",Email,DERIVED_FROM_DATASET2_500_FINAL_V7_LEGITIMATE_RECORDS
ID-0343,Sameer Nigam,Founder & CEO,PhonePe,Company/Executive,Morning,"Monday, Tuesday, Wednesday, Thursday, Saturday, Sunday",1.0,phonepe.com,Internal Contacts,437.6,"payment, banking/beneficiary, access/credentials, document, data/records, approval, deadline/filing, contact/coordination, meeting, assistance/informal",Email,DERIVED_FROM_DATASET2_500_FINAL_V7_LEGITIMATE_RECORDS
ID-0344,Deepak Sharma,Managing Director & President,Schneider Electric India,Company/Executive,Afternoon,"Tuesday, Wednesday, Thursday, Friday, Saturday, Sunday",1.11,se.com,Internal Contacts,448.3,"payment, banking/beneficiary, access/credentials, document, data/records, approval, deadline/filing, contact/coordination, meeting, assistance/informal",Email,DERIVED_FROM_DATASET2_500_FINAL_V7_LEGITIMATE_RECORDS
ID-0345,Sanjeev Sharma,Managing Director & Country Head,ABB India,Company/Executive,Afternoon,"Monday, Tuesday, Wednesday, Thursday, Saturday, Sunday",1.0,abb.com,Internal Contacts,419.7,"payment, banking/beneficiary, access/credentials, document, data/records, approval, deadline/filing, contact/coordination, meeting, assistance/informal",Email,DERIVED_FROM_DATASET2_500_FINAL_V7_LEGITIMATE_RECORDS
ID-0346,Ashish Gaikwad,President,Honeywell India,Company/Executive,Afternoon,Weekdays,1.0,honeywell.com,Internal Contacts,474.6,"payment, banking/beneficiary, access/credentials, document, data/records, approval, deadline/filing, contact/coordination, meeting, assistance/informal",Email,DERIVED_FROM_DATASET2_500_FINAL_V7_LEGITIMATE_RECORDS
ID-0347,Debashis Chatterjee,CEO & Managing Director,LTIMindtree,Company/Executive,Morning,Weekdays,1.11,ltimindtree.com,Internal Contacts,454.0,"payment, banking/beneficiary, access/credentials, document, data/records, approval, deadline/filing, contact/coordination, meeting, assistance/informal",Email,DERIVED_FROM_DATASET2_500_FINAL_V7_LEGITIMATE_RECORDS
ID-0348,Nitin Rakesh,CEO & Managing Director,Mphasis,Company/Executive,Afternoon,"Tuesday, Wednesday, Thursday, Saturday, Sunday",1.0,mphasis.com,Internal Contacts,482.5,"payment, banking/beneficiary, access/credentials, document, data/records, approval, deadline/filing, contact/coordination, meeting, assistance/informal",Email,DERIVED_FROM_DATASET2_500_FINAL_V7_LEGITIMATE_RECORDS
ID-0349,Sandeep Kalra,CEO & Executive Director,Persistent Systems,Company/Executive,Mixed,"Monday, Thursday, Friday, Saturday, Sunday",1.0,persistent.com,Internal Contacts,411.5,"payment, banking/beneficiary, access/credentials, document, data/records, approval, deadline/filing, contact/coordination, meeting, assistance/informal",Email,DERIVED_FROM_DATASET2_500_FINAL_V7_LEGITIMATE_RECORDS
ID-0350,Sudhir Singh,CEO & Executive Director,Coforge,Company/Executive,Afternoon,"Tuesday, Wednesday, Friday, Saturday, Sunday",1.0,coforge.com,Internal Contacts,409.9,"payment, banking/beneficiary, access/credentials, document, data/records, approval, deadline/filing, contact/coordination, meeting, assistance/informal",Email,DERIVED_FROM_DATASET2_500_FINAL_V7_LEGITIMATE_RECORDS
ID-0351,Pirojsha Godrej,Executive Chairperson,Godrej Industries Group,Company/Executive,Afternoon,"Tuesday, Wednesday, Thursday, Friday, Saturday, Sunday",1.0,godrejindustries.com,Internal Contacts,454.0,"payment, banking/beneficiary, access/credentials, document, data/records, approval, deadline/filing, contact/coordination, meeting, assistance/informal",Email,DERIVED_FROM_DATASET2_500_FINAL_V7_LEGITIMATE_RECORDS
ID-0352,Rajiv Bajaj,Managing Director,Bajaj Auto,Company/Executive,Mixed,"Monday, Thursday, Sunday",1.11,bajajauto.com,Internal Contacts,424.2,"payment, banking/beneficiary, access/credentials, document, data/records, approval, deadline/filing, contact/coordination, meeting, assistance/informal",Email,DERIVED_FROM_DATASET2_500_FINAL_V7_LEGITIMATE_RECORDS
ID-0353,Pawan Munjal,Executive Chairman,Hero MotoCorp,Company/Executive,Mixed,"Monday, Wednesday, Friday, Saturday, Sunday",1.0,heromotocorp.com,External Contacts,438.1,"payment, banking/beneficiary, access/credentials, document, data/records, approval, deadline/filing, contact/coordination, meeting, assistance/informal",Email,DERIVED_FROM_DATASET2_500_FINAL_V7_LEGITIMATE_RECORDS
ID-0354,Gautam Adani,Chairman,Adani Group,Company/Executive,Afternoon,"Tuesday, Wednesday, Friday, Saturday, Sunday",1.0,adani.com,External Contacts,461.5,"payment, banking/beneficiary, access/credentials, document, data/records, approval, deadline/filing, contact/coordination, meeting, assistance/informal",Email,DERIVED_FROM_DATASET2_500_FINAL_V7_LEGITIMATE_RECORDS
ID-0355,Rajesh Adani,Managing Director,Adani Group,Company/Executive,Morning,"Monday, Tuesday, Thursday, Friday, Saturday, Sunday",1.0,adani.com,Internal Contacts,486.3,"payment, banking/beneficiary, access/credentials, document, data/records, approval, deadline/filing, contact/coordination, meeting, assistance/informal",Email,DERIVED_FROM_DATASET2_500_FINAL_V7_LEGITIMATE_RECORDS
ID-0356,Sajjan Jindal,Chairman & Managing Director,JSW Steel,Company/Executive,Morning,All Days,1.0,jsw.in,Internal Contacts,450.9,"payment, banking/beneficiary, access/credentials, document, data/records, approval, deadline/filing, contact/coordination, meeting, assistance/informal",Email,DERIVED_FROM_DATASET2_500_FINAL_V7_LEGITIMATE_RECORDS
ID-0357,Arun Misra,CEO,Vedanta Limited,Company/Executive,Afternoon,All Days,1.0,vedantalimited.com,Internal Contacts,459.2,"payment, banking/beneficiary, access/credentials, document, data/records, approval, deadline/filing, contact/coordination, meeting, assistance/informal",Email,DERIVED_FROM_DATASET2_500_FINAL_V7_LEGITIMATE_RECORDS
ID-0358,Vibha Padalkar,Managing Director & CEO,HDFC Life Insurance,Company/Executive,Morning,"Tuesday, Wednesday, Thursday, Friday, Saturday, Sunday",1.0,hdfclife.com,Internal Contacts,433.2,"payment, banking/beneficiary, access/credentials, document, data/records, approval, deadline/filing, contact/coordination, meeting, assistance/informal",Email,DERIVED_FROM_DATASET2_500_FINAL_V7_LEGITIMATE_RECORDS
ID-0359,Rajeev Jain,Managing Director,Bajaj Finance,Company/Executive,Afternoon,"Wednesday, Thursday, Friday, Saturday",1.0,bajajfinserv.in,Internal Contacts,418.9,"payment, banking/beneficiary, access/credentials, document, data/records, approval, deadline/filing, contact/coordination, meeting, assistance/informal",Email,DERIVED_FROM_DATASET2_500_FINAL_V7_LEGITIMATE_RECORDS
ID-0360,C.K. Venkataraman,Managing Director,Titan Company,Company/Executive,Mixed,"Monday, Tuesday, Wednesday, Thursday, Saturday",1.0,titancompany.in,Internal Contacts,433.8,"payment, banking/beneficiary, access/credentials, document, data/records, approval, deadline/filing, contact/coordination, meeting, assistance/informal",Email,DERIVED_FROM_DATASET2_500_FINAL_V7_LEGITIMATE_RECORDS
ID-0361,Murali K. Divi,Chairman & Managing Director,Divi's Laboratories,Company/Executive,Morning,"Monday, Wednesday, Thursday, Saturday, Sunday",1.0,divislabs.com,External Contacts,404.0,"payment, banking/beneficiary, access/credentials, document, data/records, approval, deadline/filing, contact/coordination, meeting, assistance/informal",Email,DERIVED_FROM_DATASET2_500_FINAL_V7_LEGITIMATE_RECORDS
ID-0362,Anil Rai Gupta,Chairman & Managing Director,Havells India,Company/Executive,Afternoon,"Monday, Wednesday, Thursday, Saturday, Sunday",1.0,havells.com,Internal Contacts,455.7,"payment, banking/beneficiary, access/credentials, document, data/records, approval, deadline/filing, contact/coordination, meeting, assistance/informal",Email,DERIVED_FROM_DATASET2_500_FINAL_V7_LEGITIMATE_RECORDS
ID-0363,Bharat Puri,Managing Director,Pidilite Industries,Company/Executive,Mixed,"Monday, Tuesday, Wednesday, Thursday, Saturday, Sunday",1.0,pidilite.com,Internal Contacts,464.2,"payment, banking/beneficiary, access/credentials, document, data/records, approval, deadline/filing, contact/coordination, meeting, assistance/informal",Email,DERIVED_FROM_DATASET2_500_FINAL_V7_LEGITIMATE_RECORDS
ID-0364,Mohit Malhotra,CEO,Dabur India,Company/Executive,Afternoon,"Monday, Tuesday, Thursday, Friday, Saturday",1.0,dabur.com,Internal Contacts,438.0,"payment, banking/beneficiary, access/credentials, document, data/records, approval, deadline/filing, contact/coordination, meeting, assistance/informal",Email,DERIVED_FROM_DATASET2_500_FINAL_V7_LEGITIMATE_RECORDS
ID-0365,Saugata Gupta,Managing Director & CEO,Marico Limited,Company/Executive,Afternoon,"Monday, Tuesday, Friday, Saturday, Sunday",1.0,marico.com,Internal Contacts,407.1,"payment, banking/beneficiary, access/credentials, document, data/records, approval, deadline/filing, contact/coordination, meeting, assistance/informal",Email,DERIVED_FROM_DATASET2_500_FINAL_V7_LEGITIMATE_RECORDS
ID-0366,Sudhir Sitapati,Managing Director & CEO,Godrej Consumer Products,Company/Executive,Morning,All Days,1.0,godrejcp.com,Internal Contacts,463.2,"payment, banking/beneficiary, access/credentials, document, data/records, approval, deadline/filing, contact/coordination, meeting, assistance/informal",Email,DERIVED_FROM_DATASET2_500_FINAL_V7_LEGITIMATE_RECORDS
ID-0367,L.V. Vaidyanathan,"CEO, Indian Subcontinent",Procter & Gamble India,Company/Executive,Afternoon,All Days,1.0,pg.com,External Contacts,416.5,"payment, banking/beneficiary, access/credentials, document, data/records, approval, deadline/filing, contact/coordination, meeting, assistance/informal",Email,DERIVED_FROM_DATASET2_500_FINAL_V7_LEGITIMATE_RECORDS
ID-0368,Prabha Narasimhan,Managing Director & CEO,Colgate-Palmolive India,Company/Executive,Afternoon,"Monday, Tuesday, Thursday, Saturday",1.0,colgatepalmolive.co.in,Internal Contacts,420.3,"payment, banking/beneficiary, access/credentials, document, data/records, approval, deadline/filing, contact/coordination, meeting, assistance/informal",Email,DERIVED_FROM_DATASET2_500_FINAL_V7_LEGITIMATE_RECORDS
ID-0369,JB Park,"President & CEO, Southwest Asia",Samsung India,Company/Executive,Morning,"Monday, Tuesday, Wednesday, Saturday, Sunday",1.0,samsung.com,Internal Contacts,442.7,"payment, banking/beneficiary, access/credentials, document, data/records, approval, deadline/filing, contact/coordination, meeting, assistance/informal",Email,DERIVED_FROM_DATASET2_500_FINAL_V7_LEGITIMATE_RECORDS
ID-0370,Sunil Nayyar,Managing Director,Sony India,Company/Executive,Afternoon,All Days,1.0,sony.co.in,Internal Contacts,468.4,"payment, banking/beneficiary, access/credentials, document, data/records, approval, deadline/filing, contact/coordination, meeting, assistance/informal",Email,DERIVED_FROM_DATASET2_500_FINAL_V7_LEGITIMATE_RECORDS
ID-0371,Hong Ju Jeon,Managing Director,LG Electronics India,Company/Executive,Afternoon,"Monday, Tuesday, Thursday, Friday, Saturday, Sunday",1.0,lg.com,Internal Contacts,452.7,"payment, banking/beneficiary, access/credentials, document, data/records, approval, deadline/filing, contact/coordination, meeting, assistance/informal",Email,DERIVED_FROM_DATASET2_500_FINAL_V7_LEGITIMATE_RECORDS
ID-0372,Aongus Hegarty,"President, International Markets",Dell Technologies India,Company/Executive,Afternoon,"Monday, Tuesday, Wednesday, Thursday, Saturday, Sunday",1.0,dell.com,Internal Contacts,432.2,"payment, banking/beneficiary, access/credentials, document, data/records, approval, deadline/filing, contact/coordination, meeting, assistance/informal",Email,DERIVED_FROM_DATASET2_500_FINAL_V7_LEGITIMATE_RECORDS
ID-0373,Ipsita Dasgupta,Senior Vice President & Managing Director,HP India,Company/Executive,Afternoon,All Days,1.0,hp.com,Internal Contacts,445.5,"payment, banking/beneficiary, access/credentials, document, data/records, approval, deadline/filing, contact/coordination, meeting, assistance/informal",Email,DERIVED_FROM_DATASET2_500_FINAL_V7_LEGITIMATE_RECORDS
ID-0374,Sandip Patel,Managing Director,IBM India,Company/Executive,Morning,"Tuesday, Wednesday, Thursday, Friday, Saturday, Sunday",1.11,ibm.com,Internal Contacts,463.6,"payment, banking/beneficiary, access/credentials, document, data/records, approval, deadline/filing, contact/coordination, meeting, assistance/informal",Email,DERIVED_FROM_DATASET2_500_FINAL_V7_LEGITIMATE_RECORDS
ID-0375,Arundhati Bhattacharya,CEO & Chairperson,Salesforce India,Company/Executive,Morning,"Monday, Tuesday, Wednesday, Thursday, Friday, Sunday",1.0,salesforce.com,Internal Contacts,446.8,"payment, banking/beneficiary, access/credentials, document, data/records, approval, deadline/filing, contact/coordination, meeting, assistance/informal",Email,DERIVED_FROM_DATASET2_500_FINAL_V7_LEGITIMATE_RECORDS
ID-0376,Avanish Sahai,"Chairman, India Board",ServiceNow India,Company/Executive,Afternoon,All Days,1.0,servicenow.com,Internal Contacts,443.3,"payment, banking/beneficiary, access/credentials, document, data/records, approval, deadline/filing, contact/coordination, meeting, assistance/informal",Email,DERIVED_FROM_DATASET2_500_FINAL_V7_LEGITIMATE_RECORDS
ID-0377,Prabhjeet Singh,"President, India & South Asia",Uber India,Company/Executive,Afternoon,All Days,1.0,uber.com,External Contacts,437.4,"payment, banking/beneficiary, access/credentials, document, data/records, approval, deadline/filing, contact/coordination, meeting, assistance/informal",Email,DERIVED_FROM_DATASET2_500_FINAL_V7_LEGITIMATE_RECORDS
ID-0378,Bhavish Aggarwal,Founder & Chairman,Ola Electric,Company/Executive,Afternoon,All Days,1.0,olaelectric.com,Internal Contacts,399.3,"payment, banking/beneficiary, access/credentials, document, data/records, approval, deadline/filing, contact/coordination, meeting, assistance/informal",Email,DERIVED_FROM_DATASET2_500_FINAL_V7_LEGITIMATE_RECORDS
ID-0379,Arjun Mohan,CEO,BYJU'S,Company/Executive,Afternoon,"Monday, Wednesday, Saturday, Sunday",1.11,byjus.com,Internal Contacts,429.5,"payment, banking/beneficiary, access/credentials, document, data/records, approval, deadline/filing, contact/coordination, meeting, assistance/informal",Email,DERIVED_FROM_DATASET2_500_FINAL_V7_LEGITIMATE_RECORDS
ID-0380,Falguni Nayar,"Executive Chairperson, Managing Director & CEO",Nykaa (FSN E-Commerce),Company/Executive,Morning,"Monday, Tuesday, Wednesday, Thursday, Friday, Saturday",1.0,nykaa.com,Internal Contacts,462.8,"payment, banking/beneficiary, access/credentials, document, data/records, approval, deadline/filing, contact/coordination, meeting, assistance/informal",Email,DERIVED_FROM_DATASET2_500_FINAL_V7_LEGITIMATE_RECORDS
ID-0381,Nithin Kamath,Founder & CEO,Zerodha,Company/Executive,Evening,"Monday, Tuesday, Wednesday, Thursday, Friday, Sunday",1.0,zerodha.com,Internal Contacts,477.9,"payment, banking/beneficiary, access/credentials, document, data/records, approval, deadline/filing, contact/coordination, meeting, assistance/informal",Email,DERIVED_FROM_DATASET2_500_FINAL_V7_LEGITIMATE_RECORDS
ID-0382,Harshil Mathur,CEO & Co-Founder,Razorpay,Company/Executive,Afternoon,"Monday, Thursday, Friday, Saturday, Sunday",1.0,razorpay.com,Internal Contacts,401.0,"payment, banking/beneficiary, access/credentials, document, data/records, approval, deadline/filing, contact/coordination, meeting, assistance/informal",Email,DERIVED_FROM_DATASET2_500_FINAL_V7_LEGITIMATE_RECORDS
ID-0383,Kunal Shah,Founder & CEO,CRED,Company/Executive,Afternoon,"Monday, Wednesday, Friday, Saturday",1.0,cred.club,Internal Contacts,454.7,"payment, banking/beneficiary, access/credentials, document, data/records, approval, deadline/filing, contact/coordination, meeting, assistance/informal",Email,DERIVED_FROM_DATASET2_500_FINAL_V7_LEGITIMATE_RECORDS
ID-0384,Vidit Aatrey,Founder & CEO,Meesho,Company/Executive,Afternoon,All Days,1.0,meesho.com,External Contacts,477.5,"payment, banking/beneficiary, access/credentials, document, data/records, approval, deadline/filing, contact/coordination, meeting, assistance/informal",Email,DERIVED_FROM_DATASET2_500_FINAL_V7_LEGITIMATE_RECORDS
ID-0385,Dennis Woodside,CEO,Freshworks,Company/Executive,Morning,"Monday, Tuesday, Wednesday, Thursday, Friday, Saturday",1.0,freshworks.com,Internal Contacts,393.3,"payment, banking/beneficiary, access/credentials, document, data/records, approval, deadline/filing, contact/coordination, meeting, assistance/informal",Email,DERIVED_FROM_DATASET2_500_FINAL_V7_LEGITIMATE_RECORDS
ID-0386,Sridhar Vembu,Founder & CEO,Zoho Corporation,Company/Executive,Afternoon,"Monday, Wednesday, Thursday, Friday, Saturday, Sunday",1.0,zoho.com,Internal Contacts,444.1,"payment, banking/beneficiary, access/credentials, document, data/records, approval, deadline/filing, contact/coordination, meeting, assistance/informal",Email,DERIVED_FROM_DATASET2_500_FINAL_V7_LEGITIMATE_RECORDS
ID-0387,Anantha Radhakrishnan,CEO & Managing Director,Infosys BPM,Company/Executive,Afternoon,"Monday, Tuesday, Wednesday, Thursday, Saturday, Sunday",1.0,infosysbpm.com,Internal Contacts,487.6,"payment, banking/beneficiary, access/credentials, document, data/records, approval, deadline/filing, contact/coordination, meeting, assistance/informal",Email,DERIVED_FROM_DATASET2_500_FINAL_V7_LEGITIMATE_RECORDS
ID-0388,Kishor Patil,"Co-Founder, CEO & Managing Director",KPIT Technologies,Company/Executive,Afternoon,"Monday, Thursday, Friday, Saturday",1.0,kpit.com,External Contacts,464.9,"payment, banking/beneficiary, access/credentials, document, data/records, approval, deadline/filing, contact/coordination, meeting, assistance/informal",Email,DERIVED_FROM_DATASET2_500_FINAL_V7_LEGITIMATE_RECORDS
ID-0389,Manish Tandon,CEO & Managing Director,Zensar Technologies,Company/Executive,Afternoon,"Tuesday, Thursday, Saturday",1.0,zensar.com,Internal Contacts,471.3,"payment, banking/beneficiary, access/credentials, document, data/records, approval, deadline/filing, contact/coordination, meeting, assistance/informal",Email,DERIVED_FROM_DATASET2_500_FINAL_V7_LEGITIMATE_RECORDS
ID-0390,Krishna Bodanapu,Executive Chairman,Cyient,Company/Executive,Afternoon,"Monday, Tuesday, Wednesday, Thursday, Saturday, Sunday",1.0,cyient.com,Internal Contacts,403.0,"payment, banking/beneficiary, access/credentials, document, data/records, approval, deadline/filing, contact/coordination, meeting, assistance/informal",Email,DERIVED_FROM_DATASET2_500_FINAL_V7_LEGITIMATE_RECORDS
ID-0391,Angan Guha,CEO & Managing Director,Birlasoft,Company/Executive,Afternoon,"Monday, Tuesday, Wednesday, Thursday, Saturday, Sunday",1.0,birlasoft.com,Internal Contacts,431.1,"payment, banking/beneficiary, access/credentials, document, data/records, approval, deadline/filing, contact/coordination, meeting, assistance/informal",Email,DERIVED_FROM_DATASET2_500_FINAL_V7_LEGITIMATE_RECORDS
ID-0392,Manish Mehta,CEO & Executive Director,Hexaware Technologies,Company/Executive,Mixed,"Monday, Wednesday, Thursday, Friday, Saturday, Sunday",1.0,hexaware.com,Internal Contacts,397.5,"payment, banking/beneficiary, access/credentials, document, data/records, approval, deadline/filing, contact/coordination, meeting, assistance/informal",Email,DERIVED_FROM_DATASET2_500_FINAL_V7_LEGITIMATE_RECORDS
ID-0393,Anup Bagchi,Managing Director & CEO,ICICI Prudential Life Insurance,Company/Executive,Afternoon,"Monday, Tuesday, Wednesday, Thursday, Friday, Sunday",1.0,iciciprulife.com,Internal Contacts,425.6,"payment, banking/beneficiary, access/credentials, document, data/records, approval, deadline/filing, contact/coordination, meeting, assistance/informal",Email,DERIVED_FROM_DATASET2_500_FINAL_V7_LEGITIMATE_RECORDS
ID-0394,Amit Jhingran,Managing Director & CEO,SBI Life Insurance,Company/Executive,Morning,"Monday, Wednesday, Friday, Saturday, Sunday",1.0,sbilife.co.in,Internal Contacts,417.9,"payment, banking/beneficiary, access/credentials, document, data/records, approval, deadline/filing, contact/coordination, meeting, assistance/informal",Email,DERIVED_FROM_DATASET2_500_FINAL_V7_LEGITIMATE_RECORDS
ID-0395,Prashant Tripathy,Managing Director & CEO,Max Life Insurance,Company/Executive,Afternoon,"Wednesday, Thursday, Friday",1.11,maxlifeinsurance.com,Internal Contacts,458.7,"payment, banking/beneficiary, access/credentials, document, data/records, approval, deadline/filing, contact/coordination, meeting, assistance/informal",Email,DERIVED_FROM_DATASET2_500_FINAL_V7_LEGITIMATE_RECORDS
ID-0396,Sharad Mahendra,Joint Managing Director & CEO,JSW Energy,Company/Executive,Morning,"Monday, Tuesday, Thursday, Saturday, Sunday",1.0,jsw.in,External Contacts,434.2,"payment, banking/beneficiary, access/credentials, document, data/records, approval, deadline/filing, contact/coordination, meeting, assistance/informal",Email,DERIVED_FROM_DATASET2_500_FINAL_V7_LEGITIMATE_RECORDS
ID-0397,Sudarshan Venu,Managing Director,TVS Motor Company,Company/Executive,Mixed,"Monday, Tuesday, Wednesday, Thursday, Friday, Sunday",1.0,tvsmotor.com,Internal Contacts,406.3,"payment, banking/beneficiary, access/credentials, document, data/records, approval, deadline/filing, contact/coordination, meeting, assistance/informal",Email,DERIVED_FROM_DATASET2_500_FINAL_V7_LEGITIMATE_RECORDS
ID-0398,K.C. Jhanwar,Managing Director,UltraTech Cement,Company/Executive,Afternoon,"Monday, Tuesday, Wednesday, Saturday, Sunday",1.0,ultratechcement.com,Internal Contacts,449.3,"payment, banking/beneficiary, access/credentials, document, data/records, approval, deadline/filing, contact/coordination, meeting, assistance/informal",Email,DERIVED_FROM_DATASET2_500_FINAL_V7_LEGITIMATE_RECORDS
ID-0399,H.M. Bangur,Managing Director,Grasim Industries,Company/Executive,Afternoon,"Monday, Thursday, Friday, Saturday, Sunday",1.0,grasim.com,Internal Contacts,428.5,"payment, banking/beneficiary, access/credentials, document, data/records, approval, deadline/filing, contact/coordination, meeting, assistance/informal",Email,DERIVED_FROM_DATASET2_500_FINAL_V7_LEGITIMATE_RECORDS
ID-0400,Aman Mehta,Executive Director,Torrent Pharmaceuticals,Company/Executive,Mixed,"Monday, Tuesday, Wednesday, Friday, Saturday, Sunday",1.0,torrentpharma.com,Internal Contacts,450.2,"payment, banking/beneficiary, access/credentials, document, data/records, approval, deadline/filing, contact/coordination, meeting, assistance/informal",Email,DERIVED_FROM_DATASET2_500_FINAL_V7_LEGITIMATE_RECORDS
ID-0401,Suneeta Reddy,Managing Director,Apollo Hospitals,Company/Executive,Afternoon,"Monday, Tuesday, Wednesday, Thursday, Friday, Saturday",1.0,apollohospitals.com,Internal Contacts,430.2,"payment, banking/beneficiary, access/credentials, document, data/records, approval, deadline/filing, contact/coordination, meeting, assistance/informal",Email,DERIVED_FROM_DATASET2_500_FINAL_V7_LEGITIMATE_RECORDS
ID-0402,Om Prakash Manchanda,Managing Director & CEO,Dr. Lal PathLabs,Company/Executive,Afternoon,"Monday, Tuesday, Wednesday, Friday, Saturday",1.0,lalpathlabs.com,Internal Contacts,462.6,"payment, banking/beneficiary, access/credentials, document, data/records, approval, deadline/filing, contact/coordination, meeting, assistance/informal",Email,DERIVED_FROM_DATASET2_500_FINAL_V7_LEGITIMATE_RECORDS
ID-0403,Abhay Soi,Chairman & Managing Director,Max Healthcare,Company/Executive,Mixed,"Tuesday, Wednesday, Thursday, Friday, Saturday, Sunday",1.11,maxhealthcare.in,Internal Contacts,471.6,"payment, banking/beneficiary, access/credentials, document, data/records, approval, deadline/filing, contact/coordination, meeting, assistance/informal",Email,DERIVED_FROM_DATASET2_500_FINAL_V7_LEGITIMATE_RECORDS
ID-0404,Sahil Barua,Managing Director & CEO,Delhivery,Company/Executive,Afternoon,"Monday, Tuesday, Thursday, Friday, Saturday, Sunday",1.0,delhivery.com,Internal Contacts,401.5,"payment, banking/beneficiary, access/credentials, document, data/records, approval, deadline/filing, contact/coordination, meeting, assistance/informal",Email,DERIVED_FROM_DATASET2_500_FINAL_V7_LEGITIMATE_RECORDS
ID-0405,Yashish Dahiya,Chairman & CEO,PB Fintech (PolicyBazaar),Company/Executive,Morning,All Days,1.0,policybazaar.com,Internal Contacts,401.4,"payment, banking/beneficiary, access/credentials, document, data/records, approval, deadline/filing, contact/coordination, meeting, assistance/informal",Email,DERIVED_FROM_DATASET2_500_FINAL_V7_LEGITIMATE_RECORDS
ID-0406,N. Chandrasekaran,Chairman,Tata Sons,Company/Executive,Afternoon,"Monday, Wednesday, Thursday, Friday, Saturday, Sunday",1.0,tata.com,Internal Contacts,468.8,"payment, banking/beneficiary, access/credentials, document, data/records, approval, deadline/filing, contact/coordination, meeting, assistance/informal",Email,DERIVED_FROM_DATASET2_500_FINAL_V7_LEGITIMATE_RECORDS
ID-0407,Noel Tata,Chairman,Tata Trusts,Company/Executive,Morning,"Monday, Wednesday, Thursday, Sunday",1.0,tata.com,Internal Contacts,472.0,"payment, banking/beneficiary, access/credentials, document, data/records, approval, deadline/filing, contact/coordination, meeting, assistance/informal",Email,DERIVED_FROM_DATASET2_500_FINAL_V7_LEGITIMATE_RECORDS
ID-0408,Kumar Mangalam Birla,Chairman,Aditya Birla Group,Company/Executive,Mixed,"Tuesday, Wednesday, Friday, Saturday, Sunday",1.0,adityabirla.com,Internal Contacts,408.3,"payment, banking/beneficiary, access/credentials, document, data/records, approval, deadline/filing, contact/coordination, meeting, assistance/informal",Email,DERIVED_FROM_DATASET2_500_FINAL_V7_LEGITIMATE_RECORDS
ID-0409,Harsh Mariwala,Founder & Chairman,Marico Limited,Company/Executive,Afternoon,"Monday, Tuesday, Wednesday, Friday, Sunday",1.0,marico.com,Internal Contacts,450.4,"payment, banking/beneficiary, access/credentials, document, data/records, approval, deadline/filing, contact/coordination, meeting, assistance/informal",Email,DERIVED_FROM_DATASET2_500_FINAL_V7_LEGITIMATE_RECORDS
ID-0410,Uday Kotak,Founder,Kotak Mahindra Group,Company/Executive,Afternoon,"Tuesday, Wednesday, Friday, Saturday, Sunday",1.0,kotak.com,Internal Contacts,434.7,"payment, banking/beneficiary, access/credentials, document, data/records, approval, deadline/filing, contact/coordination, meeting, assistance/informal",Email,DERIVED_FROM_DATASET2_500_FINAL_V7_LEGITIMATE_RECORDS
ID-0411,Nadir Godrej,Chairman & Managing Director,Godrej Industries,Company/Executive,Morning,"Monday, Tuesday, Friday, Saturday, Sunday",1.0,godrejindustries.com,Internal Contacts,425.3,"payment, banking/beneficiary, access/credentials, document, data/records, approval, deadline/filing, contact/coordination, meeting, assistance/informal",Email,DERIVED_FROM_DATASET2_500_FINAL_V7_LEGITIMATE_RECORDS
ID-0412,Ritesh Agarwal,Founder & Group CEO,OYO Rooms,Company/Executive,Morning,"Monday, Tuesday, Thursday, Friday, Sunday",1.0,oyorooms.com,Internal Contacts,464.6,"payment, banking/beneficiary, access/credentials, document, data/records, approval, deadline/filing, contact/coordination, meeting, assistance/informal",Email,DERIVED_FROM_DATASET2_500_FINAL_V7_LEGITIMATE_RECORDS
ID-0413,Deepinder Goyal,Founder,Zomato,Company/Executive,Afternoon,"Monday, Tuesday, Wednesday, Thursday, Friday, Saturday",1.0,zomato.com,Internal Contacts,438.1,"payment, banking/beneficiary, access/credentials, document, data/records, approval, deadline/filing, contact/coordination, meeting, assistance/informal",Email,DERIVED_FROM_DATASET2_500_FINAL_V7_LEGITIMATE_RECORDS
ID-0414,Sashidhar Jagdishan,Managing Director & CEO,HDFC Bank,Banking/Financial,Afternoon,"Monday, Tuesday, Thursday, Saturday, Sunday",1.0,hdfcbank.com,Internal Contacts,393.0,"payment, banking/beneficiary, access/credentials, document, data/records, approval, deadline/filing, contact/coordination, meeting, assistance/informal",Email,DERIVED_FROM_DATASET2_500_FINAL_V7_LEGITIMATE_RECORDS
ID-0415,Kaizad Bharucha,Deputy Managing Director,HDFC Bank,Banking/Financial,Mixed,All Days,1.0,hdfcbank.com,Internal Contacts,448.4,"payment, banking/beneficiary, access/credentials, document, data/records, approval, deadline/filing, contact/coordination, meeting, assistance/informal",Email,DERIVED_FROM_DATASET2_500_FINAL_V7_LEGITIMATE_RECORDS
ID-0416,Sandeep Bakhshi,Managing Director & CEO,ICICI Bank,Banking/Financial,Afternoon,"Monday, Tuesday, Thursday, Saturday, Sunday",1.0,icicibank.com,Internal Contacts,362.5,"payment, banking/beneficiary, access/credentials, document, data/records, approval, deadline/filing, contact/coordination, meeting, assistance/informal",Email,DERIVED_FROM_DATASET2_500_FINAL_V7_LEGITIMATE_RECORDS
ID-0417,Anindya Banerjee,Chief Financial Officer,ICICI Bank,Banking/Financial,Afternoon,"Monday, Wednesday, Thursday, Friday, Saturday, Sunday",1.0,icicibank.com,Internal Contacts,430.6,"payment, banking/beneficiary, access/credentials, document, data/records, approval, deadline/filing, contact/coordination, meeting, assistance/informal",Email,DERIVED_FROM_DATASET2_500_FINAL_V7_LEGITIMATE_RECORDS
ID-0418,Challa Sreenivasulu Setty,Chairman,State Bank of India,Banking/Financial,Afternoon,"Monday, Tuesday, Wednesday, Thursday, Friday, Saturday",1.0,sbi.co.in,Internal Contacts,488.2,"payment, banking/beneficiary, access/credentials, document, data/records, approval, deadline/filing, contact/coordination, meeting, assistance/informal",Email,DERIVED_FROM_DATASET2_500_FINAL_V7_LEGITIMATE_RECORDS
ID-0419,Ashwini Kumar Tewari,Managing Director,State Bank of India,Banking/Financial,Morning,"Monday, Tuesday, Wednesday, Saturday, Sunday",1.0,sbi.co.in,Internal Contacts,417.6,"payment, banking/beneficiary, access/credentials, document, data/records, approval, deadline/filing, contact/coordination, meeting, assistance/informal",Email,DERIVED_FROM_DATASET2_500_FINAL_V7_LEGITIMATE_RECORDS
ID-0420,Debadatta Chand,Managing Director & CEO,Bank of Baroda,Banking/Financial,Mixed,"Monday, Tuesday, Wednesday, Saturday, Sunday",1.0,bankofbaroda.in,Internal Contacts,430.7,"payment, banking/beneficiary, access/credentials, document, data/records, approval, deadline/filing, contact/coordination, meeting, assistance/informal",Email,DERIVED_FROM_DATASET2_500_FINAL_V7_LEGITIMATE_RECORDS
ID-0421,Brajesh Kumar Singh,Managing Director & CEO,Canara Bank,Banking/Financial,Mixed,"Tuesday, Wednesday, Thursday, Friday, Saturday, Sunday",1.0,canarabank.com,Internal Contacts,415.8,"payment, banking/beneficiary, access/credentials, document, data/records, approval, deadline/filing, contact/coordination, meeting, assistance/informal",Email,DERIVED_FROM_DATASET2_500_FINAL_V7_LEGITIMATE_RECORDS
ID-0422,Asheesh Pandey,Managing Director & CEO,Union Bank of India,Banking/Financial,Morning,"Monday, Wednesday, Thursday, Friday, Saturday, Sunday",1.0,unionbankofindia.co.in,Internal Contacts,416.2,"payment, banking/beneficiary, access/credentials, document, data/records, approval, deadline/filing, contact/coordination, meeting, assistance/informal",Email,DERIVED_FROM_DATASET2_500_FINAL_V7_LEGITIMATE_RECORDS
ID-0423,Ashok Vaswani,Managing Director & CEO,Kotak Mahindra Bank,Banking/Financial,Afternoon,"Monday, Tuesday, Wednesday, Friday, Saturday",1.0,kotak.com,Internal Contacts,499.5,"payment, banking/beneficiary, access/credentials, document, data/records, approval, deadline/filing, contact/coordination, meeting, assistance/informal",Email,DERIVED_FROM_DATASET2_500_FINAL_V7_LEGITIMATE_RECORDS
ID-0424,Amitabh Chaudhry,Managing Director & CEO,Axis Bank,Banking/Financial,Afternoon,"Monday, Tuesday, Thursday, Friday, Saturday, Sunday",1.0,axisbank.com,Internal Contacts,497.8,"payment, banking/beneficiary, access/credentials, document, data/records, approval, deadline/filing, contact/coordination, meeting, assistance/informal",Email,DERIVED_FROM_DATASET2_500_FINAL_V7_LEGITIMATE_RECORDS
ID-0425,Prashant Kumar,Managing Director & CEO,Yes Bank,Banking/Financial,Mixed,"Monday, Tuesday, Wednesday, Thursday, Saturday, Sunday",1.0,yesbank.in,Internal Contacts,373.6,"payment, banking/beneficiary, access/credentials, document, data/records, approval, deadline/filing, contact/coordination, meeting, assistance/informal",Email,DERIVED_FROM_DATASET2_500_FINAL_V7_LEGITIMATE_RECORDS
ID-0426,Binod Kumar,Managing Director & CEO,Indian Bank,Banking/Financial,Morning,"Monday, Wednesday, Friday, Saturday",1.0,indianbank.in,Internal Contacts,454.9,"payment, banking/beneficiary, access/credentials, document, data/records, approval, deadline/filing, contact/coordination, meeting, assistance/informal",Email,DERIVED_FROM_DATASET2_500_FINAL_V7_LEGITIMATE_RECORDS
ID-0427,Rajneesh Karnatak,Managing Director & CEO,Bank of India,Banking/Financial,Morning,"Monday, Thursday, Friday, Saturday, Sunday",1.0,bankofindia.co.in,External Contacts,424.9,"payment, banking/beneficiary, access/credentials, document, data/records, approval, deadline/filing, contact/coordination, meeting, assistance/informal",Email,DERIVED_FROM_DATASET2_500_FINAL_V7_LEGITIMATE_RECORDS
ID-0428,M.V. Rao,Managing Director & CEO,Central Bank of India,Banking/Financial,Mixed,"Monday, Tuesday, Wednesday, Thursday, Friday, Sunday",1.0,centralbankofindia.co.in,Internal Contacts,475.0,"payment, banking/beneficiary, access/credentials, document, data/records, approval, deadline/filing, contact/coordination, meeting, assistance/informal",Email,DERIVED_FROM_DATASET2_500_FINAL_V7_LEGITIMATE_RECORDS
ID-0429,Swarup Kumar Saha,Managing Director & CEO,Punjab & Sind Bank,Banking/Financial,Morning,"Monday, Tuesday, Thursday, Friday, Saturday, Sunday",1.0,psbindia.com,Internal Contacts,445.7,"payment, banking/beneficiary, access/credentials, document, data/records, approval, deadline/filing, contact/coordination, meeting, assistance/informal",Email,DERIVED_FROM_DATASET2_500_FINAL_V7_LEGITIMATE_RECORDS
ID-0430,Ashwani Kumar,Managing Director & CEO,UCO Bank,Banking/Financial,Morning,"Monday, Wednesday, Thursday, Friday, Saturday, Sunday",1.0,ucobank.com,Internal Contacts,459.4,"payment, banking/beneficiary, access/credentials, document, data/records, approval, deadline/filing, contact/coordination, meeting, assistance/informal",Email,DERIVED_FROM_DATASET2_500_FINAL_V7_LEGITIMATE_RECORDS
ID-0431,Ajay Kumar Srivastava,Managing Director & CEO,Indian Overseas Bank,Banking/Financial,Mixed,"Monday, Wednesday, Thursday, Friday, Sunday",1.0,iob.in,External Contacts,460.8,"payment, banking/beneficiary, access/credentials, document, data/records, approval, deadline/filing, contact/coordination, meeting, assistance/informal",Email,DERIVED_FROM_DATASET2_500_FINAL_V7_LEGITIMATE_RECORDS
ID-0432,Nidhu Saxena,Managing Director & CEO,Bank of Maharashtra,Banking/Financial,Mixed,"Monday, Tuesday, Wednesday, Thursday, Friday, Sunday",1.0,bankofmaharashtra.in,Internal Contacts,437.9,"payment, banking/beneficiary, access/credentials, document, data/records, approval, deadline/filing, contact/coordination, meeting, assistance/informal",Email,DERIVED_FROM_DATASET2_500_FINAL_V7_LEGITIMATE_RECORDS
ID-0433,Harsha Bangari,Managing Director,Export-Import Bank of India,Banking/Financial,Afternoon,"Monday, Tuesday, Thursday, Friday, Saturday, Sunday",1.0,eximbankindia.in,Internal Contacts,467.9,"payment, banking/beneficiary, access/credentials, document, data/records, approval, deadline/filing, contact/coordination, meeting, assistance/informal",Email,DERIVED_FROM_DATASET2_500_FINAL_V7_LEGITIMATE_RECORDS
ID-0434,Sarada Kumar Hota,Managing Director,National Housing Bank,Banking/Financial,Morning,"Tuesday, Thursday, Friday, Saturday, Sunday",1.0,nhb.org.in,Internal Contacts,433.3,"payment, banking/beneficiary, access/credentials, document, data/records, approval, deadline/filing, contact/coordination, meeting, assistance/informal",Email,DERIVED_FROM_DATASET2_500_FINAL_V7_LEGITIMATE_RECORDS
ID-0435,Tuhin Kanta Pandey,Chairman,Securities and Exchange Board of India,Regulator,Morning,"Tuesday, Wednesday, Thursday, Friday, Saturday, Sunday",1.11,sebi.gov.in,Internal Contacts,414.7,"payment, banking/beneficiary, access/credentials, document, data/records, approval, deadline/filing, contact/coordination, meeting, assistance/informal",Email,DERIVED_FROM_DATASET2_500_FINAL_V7_LEGITIMATE_RECORDS
ID-0436,Kamlesh Chandra Varshney,Whole-Time Member,Securities and Exchange Board of India,Regulator,Morning,"Monday, Tuesday, Thursday, Friday, Saturday, Sunday",1.0,sebi.gov.in,Internal Contacts,464.4,"payment, banking/beneficiary, access/credentials, document, data/records, approval, deadline/filing, contact/coordination, meeting, assistance/informal",Email,DERIVED_FROM_DATASET2_500_FINAL_V7_LEGITIMATE_RECORDS
ID-0437,Anil Kumar Lahoti,Chairman,Telecom Regulatory Authority of India,Regulator,Afternoon,"Monday, Wednesday, Friday, Saturday, Sunday",1.11,trai.gov.in,Internal Contacts,467.0,"payment, banking/beneficiary, access/credentials, document, data/records, approval, deadline/filing, contact/coordination, meeting, assistance/informal",Email,DERIVED_FROM_DATASET2_500_FINAL_V7_LEGITIMATE_RECORDS
ID-0438,Ajay Seth,Chairman,Insurance Regulatory and Development Authority of India,Regulator,Morning,"Monday, Tuesday, Wednesday, Saturday, Sunday",1.0,irdai.gov.in,Internal Contacts,403.7,"payment, banking/beneficiary, access/credentials, document, data/records, approval, deadline/filing, contact/coordination, meeting, assistance/informal",Email,DERIVED_FROM_DATASET2_500_FINAL_V7_LEGITIMATE_RECORDS
ID-0439,Ravi Mital,Chairperson,Insolvency and Bankruptcy Board of India,Regulator,Afternoon,"Monday, Tuesday, Wednesday, Thursday, Friday, Sunday",1.0,ibbi.gov.in,Internal Contacts,427.8,"payment, banking/beneficiary, access/credentials, document, data/records, approval, deadline/filing, contact/coordination, meeting, assistance/informal",Email,DERIVED_FROM_DATASET2_500_FINAL_V7_LEGITIMATE_RECORDS
ID-0440,Sanjay Malhotra,Governor,Reserve Bank of India,Regulator,Mixed,"Monday, Tuesday, Thursday, Friday, Saturday",1.0,rbi.org.in,External Contacts,407.4,"payment, banking/beneficiary, access/credentials, document, data/records, approval, deadline/filing, contact/coordination, meeting, assistance/informal",Email,DERIVED_FROM_DATASET2_500_FINAL_V7_LEGITIMATE_RECORDS
ID-0441,Shaji Krishnan V.,Chairman,NABARD,Banking/Financial,Morning,"Monday, Tuesday, Thursday, Saturday, Sunday",1.0,nabard.org,Internal Contacts,455.9,"payment, banking/beneficiary, access/credentials, document, data/records, approval, deadline/filing, contact/coordination, meeting, assistance/informal",Email,DERIVED_FROM_DATASET2_500_FINAL_V7_LEGITIMATE_RECORDS
ID-0442,Manoj Mittal,Chairman & Managing Director,SIDBI,Banking/Financial,Afternoon,"Monday, Tuesday, Thursday, Friday, Saturday, Sunday",1.11,sidbi.in,Internal Contacts,439.7,"payment, banking/beneficiary, access/credentials, document, data/records, approval, deadline/filing, contact/coordination, meeting, assistance/informal",Email,DERIVED_FROM_DATASET2_500_FINAL_V7_LEGITIMATE_RECORDS
ID-0443,Arun Kumar Singh,Chairman & CEO,ONGC,PSU/Public Institution,Afternoon,All Days,1.0,ongcindia.com,Internal Contacts,426.5,"payment, banking/beneficiary, access/credentials, document, data/records, approval, deadline/filing, contact/coordination, meeting, assistance/informal",Email,DERIVED_FROM_DATASET2_500_FINAL_V7_LEGITIMATE_RECORDS
ID-0444,Gurdeep Singh,Chairman & Managing Director,NTPC,PSU/Public Institution,Afternoon,"Monday, Thursday, Friday, Saturday, Sunday",1.0,ntpc.co.in,Internal Contacts,466.5,"payment, banking/beneficiary, access/credentials, document, data/records, approval, deadline/filing, contact/coordination, meeting, assistance/informal",Email,DERIVED_FROM_DATASET2_500_FINAL_V7_LEGITIMATE_RECORDS
ID-0445,K. Sadashiv Murthy,Chairman & Managing Director,BHEL,PSU/Public Institution,Afternoon,"Monday, Tuesday, Thursday, Friday, Saturday, Sunday",1.0,bhel.com,Internal Contacts,418.2,"payment, banking/beneficiary, access/credentials, document, data/records, approval, deadline/filing, contact/coordination, meeting, assistance/informal",Email,DERIVED_FROM_DATASET2_500_FINAL_V7_LEGITIMATE_RECORDS
ID-0446,Ashok Kumar Panda,Chairman & Managing Director,SAIL,PSU/Public Institution,Afternoon,"Tuesday, Wednesday, Thursday, Friday, Saturday, Sunday",1.0,sail.co.in,Internal Contacts,409.1,"payment, banking/beneficiary, access/credentials, document, data/records, approval, deadline/filing, contact/coordination, meeting, assistance/informal",Email,DERIVED_FROM_DATASET2_500_FINAL_V7_LEGITIMATE_RECORDS
ID-0447,Sandeep Kumar Gupta,Chairman & Managing Director,GAIL,PSU/Public Institution,Mixed,"Monday, Thursday, Friday, Saturday, Sunday",1.11,gailonline.com,Internal Contacts,419.8,"payment, banking/beneficiary, access/credentials, document, data/records, approval, deadline/filing, contact/coordination, meeting, assistance/informal",Email,DERIVED_FROM_DATASET2_500_FINAL_V7_LEGITIMATE_RECORDS
ID-0448,Arvinder Singh Sahney,Chairman,Indian Oil Corporation,PSU/Public Institution,Mixed,"Monday, Tuesday, Wednesday, Friday, Sunday",1.0,iocl.com,Internal Contacts,436.8,"payment, banking/beneficiary, access/credentials, document, data/records, approval, deadline/filing, contact/coordination, meeting, assistance/informal",Email,DERIVED_FROM_DATASET2_500_FINAL_V7_LEGITIMATE_RECORDS
ID-0449,G. Krishnakumar,Chairman & Managing Director,Bharat Petroleum,PSU/Public Institution,Afternoon,All Days,1.0,bharatpetroleum.in,Internal Contacts,458.6,"payment, banking/beneficiary, access/credentials, document, data/records, approval, deadline/filing, contact/coordination, meeting, assistance/informal",Email,DERIVED_FROM_DATASET2_500_FINAL_V7_LEGITIMATE_RECORDS
ID-0450,C.B. Ananthakrishnan,Chairman & Managing Director,Hindustan Aeronautics Limited,PSU/Public Institution,Afternoon,"Tuesday, Wednesday, Thursday, Friday, Saturday, Sunday",1.0,hal-india.co.in,External Contacts,424.0,"payment, banking/beneficiary, access/credentials, document, data/records, approval, deadline/filing, contact/coordination, meeting, assistance/informal",Email,DERIVED_FROM_DATASET2_500_FINAL_V7_LEGITIMATE_RECORDS
ID-0451,R.K. Tyagi,Chairman & Managing Director,Power Grid Corporation,PSU/Public Institution,Afternoon,"Monday, Tuesday, Thursday, Friday, Saturday, Sunday",1.0,powergrid.in,External Contacts,412.6,"payment, banking/beneficiary, access/credentials, document, data/records, approval, deadline/filing, contact/coordination, meeting, assistance/informal",Email,DERIVED_FROM_DATASET2_500_FINAL_V7_LEGITIMATE_RECORDS
ID-0452,P.M. Prasad,Chairman,Coal India,PSU/Public Institution,Mixed,"Tuesday, Wednesday, Friday, Saturday, Sunday",1.0,coalindia.in,External Contacts,470.6,"payment, banking/beneficiary, access/credentials, document, data/records, approval, deadline/filing, contact/coordination, meeting, assistance/informal",Email,DERIVED_FROM_DATASET2_500_FINAL_V7_LEGITIMATE_RECORDS
ID-0453,Siddhartha Mohanty,Chairman,Life Insurance Corporation of India,PSU/Public Institution,Mixed,"Monday, Tuesday, Wednesday, Thursday, Saturday, Sunday",1.0,licindia.in,Internal Contacts,435.4,"payment, banking/beneficiary, access/credentials, document, data/records, approval, deadline/filing, contact/coordination, meeting, assistance/informal",Email,DERIVED_FROM_DATASET2_500_FINAL_V7_LEGITIMATE_RECORDS
ID-0454,Ramaswamy N.,CMD,New India Assurance,PSU/Public Institution,Morning,"Monday, Tuesday, Wednesday, Friday, Saturday, Sunday",1.0,newindia.co.in,Internal Contacts,437.1,"payment, banking/beneficiary, access/credentials, document, data/records, approval, deadline/filing, contact/coordination, meeting, assistance/informal",Email,DERIVED_FROM_DATASET2_500_FINAL_V7_LEGITIMATE_RECORDS
ID-0455,Dilip Asbe,Managing Director & CEO,National Payments Corporation of India,PSU/Public Institution,Mixed,"Monday, Wednesday, Thursday, Saturday, Sunday",1.0,npci.org.in,Internal Contacts,450.4,"payment, banking/beneficiary, access/credentials, document, data/records, approval, deadline/filing, contact/coordination, meeting, assistance/informal",Email,DERIVED_FROM_DATASET2_500_FINAL_V7_LEGITIMATE_RECORDS
ID-0456,Sundararaman Ramamurthy,Managing Director & CEO,BSE,Banking/Financial,Mixed,"Wednesday, Thursday, Friday, Saturday, Sunday",1.0,bseindia.com,Internal Contacts,464.4,"payment, banking/beneficiary, access/credentials, document, data/records, approval, deadline/filing, contact/coordination, meeting, assistance/informal",Email,DERIVED_FROM_DATASET2_500_FINAL_V7_LEGITIMATE_RECORDS
ID-0457,Ashishkumar Chauhan,Managing Director & CEO,NSE,Banking/Financial,Afternoon,"Monday, Tuesday, Wednesday, Thursday, Saturday, Sunday",1.0,nseindia.com,Internal Contacts,492.2,"payment, banking/beneficiary, access/credentials, document, data/records, approval, deadline/filing, contact/coordination, meeting, assistance/informal",Email,DERIVED_FROM_DATASET2_500_FINAL_V7_LEGITIMATE_RECORDS
ID-0458,Padmaja Chunduru,Managing Director & CEO,NSDL,Banking/Financial,Afternoon,"Monday, Wednesday, Thursday, Saturday, Sunday",1.0,nsdl.co.in,Internal Contacts,436.7,"payment, banking/beneficiary, access/credentials, document, data/records, approval, deadline/filing, contact/coordination, meeting, assistance/informal",Email,DERIVED_FROM_DATASET2_500_FINAL_V7_LEGITIMATE_RECORDS
ID-0459,Nehal Vora,Managing Director & CEO,CDSL,Banking/Financial,Morning,"Tuesday, Thursday, Friday, Sunday",1.11,cdslindia.com,Internal Contacts,426.3,"payment, banking/beneficiary, access/credentials, document, data/records, approval, deadline/filing, contact/coordination, meeting, assistance/informal",Email,DERIVED_FROM_DATASET2_500_FINAL_V7_LEGITIMATE_RECORDS
ID-0460,Rajneesh Narang,Chairman & Managing Director,HPCL,PSU/Public Institution,Afternoon,"Monday, Wednesday, Thursday, Friday, Saturday, Sunday",1.0,hindustanpetroleum.com,Internal Contacts,486.7,"payment, banking/beneficiary, access/credentials, document, data/records, approval, deadline/filing, contact/coordination, meeting, assistance/informal",Email,DERIVED_FROM_DATASET2_500_FINAL_V7_LEGITIMATE_RECORDS
ID-0461,Manoj Jain,Chairman & Managing Director,Bharat Electronics Limited,PSU/Public Institution,Morning,"Tuesday, Wednesday, Friday, Saturday, Sunday",1.0,bel-india.in,Internal Contacts,451.6,"payment, banking/beneficiary, access/credentials, document, data/records, approval, deadline/filing, contact/coordination, meeting, assistance/informal",Email,DERIVED_FROM_DATASET2_500_FINAL_V7_LEGITIMATE_RECORDS
ID-0462,R.K. Vishnoi,Chairman & Managing Director,NHPC Limited,PSU/Public Institution,Morning,"Tuesday, Wednesday, Saturday, Sunday",1.0,nhpcindia.com,Internal Contacts,390.2,"payment, banking/beneficiary, access/credentials, document, data/records, approval, deadline/filing, contact/coordination, meeting, assistance/informal",Email,DERIVED_FROM_DATASET2_500_FINAL_V7_LEGITIMATE_RECORDS
ID-0463,Sanjeev Singhal,Chairman & Managing Director,Mazagon Dock Shipbuilders,PSU/Public Institution,Mixed,"Monday, Thursday, Friday, Saturday, Sunday",1.0,mazagondock.in,Internal Contacts,447.1,"payment, banking/beneficiary, access/credentials, document, data/records, approval, deadline/filing, contact/coordination, meeting, assistance/informal",Email,DERIVED_FROM_DATASET2_500_FINAL_V7_LEGITIMATE_RECORDS
ID-0464,Anuj Jain,Director (Finance) & CFO,Indian Oil Corporation,PSU/Public Institution,Afternoon,"Tuesday, Wednesday, Thursday, Friday, Saturday, Sunday",1.0,iocl.com,Internal Contacts,409.6,"payment, banking/beneficiary, access/credentials, document, data/records, approval, deadline/filing, contact/coordination, meeting, assistance/informal",Email,DERIVED_FROM_DATASET2_500_FINAL_V7_LEGITIMATE_RECORDS
ID-0465,V. Narayanan,Chairman,ISRO,Government,Afternoon,"Monday, Tuesday, Wednesday, Thursday, Saturday, Sunday",1.0,isro.gov.in,Internal Contacts,441.9,"payment, banking/beneficiary, access/credentials, document, data/records, approval, deadline/filing, contact/coordination, meeting, assistance/informal",Email,DERIVED_FROM_DATASET2_500_FINAL_V7_LEGITIMATE_RECORDS
ID-0466,Samir V. Kamat,Chairman,DRDO,Government,Afternoon,"Tuesday, Wednesday, Thursday, Friday, Sunday",1.0,drdo.gov.in,Internal Contacts,490.2,"payment, banking/beneficiary, access/credentials, document, data/records, approval, deadline/filing, contact/coordination, meeting, assistance/informal",Email,DERIVED_FROM_DATASET2_500_FINAL_V7_LEGITIMATE_RECORDS
ID-0467,B.V.R. Subrahmanyam,CEO,NITI Aayog,Government,Afternoon,"Tuesday, Wednesday, Friday, Saturday, Sunday",1.0,niti.gov.in,Internal Contacts,418.9,"payment, banking/beneficiary, access/credentials, document, data/records, approval, deadline/filing, contact/coordination, meeting, assistance/informal",Email,DERIVED_FROM_DATASET2_500_FINAL_V7_LEGITIMATE_RECORDS
ID-0468,N. Kalaiselvi,Director General,CSIR,Government,Afternoon,"Monday, Wednesday, Thursday, Friday, Saturday, Sunday",1.0,csir.res.in,Internal Contacts,460.2,"payment, banking/beneficiary, access/credentials, document, data/records, approval, deadline/filing, contact/coordination, meeting, assistance/informal",Email,DERIVED_FROM_DATASET2_500_FINAL_V7_LEGITIMATE_RECORDS
ID-0469,Rajiv Bahl,Director General,ICMR,Government,Afternoon,"Monday, Tuesday, Wednesday, Thursday, Sunday",1.0,icmr.gov.in,Internal Contacts,425.7,"payment, banking/beneficiary, access/credentials, document, data/records, approval, deadline/filing, contact/coordination, meeting, assistance/informal",Email,DERIVED_FROM_DATASET2_500_FINAL_V7_LEGITIMATE_RECORDS
ID-0470,Himanshu Pathak,Director General,ICAR,Government,Morning,"Monday, Wednesday, Friday, Saturday, Sunday",1.11,icar.org.in,Internal Contacts,432.9,"payment, banking/beneficiary, access/credentials, document, data/records, approval, deadline/filing, contact/coordination, meeting, assistance/informal",Email,DERIVED_FROM_DATASET2_500_FINAL_V7_LEGITIMATE_RECORDS
ID-0471,Jagadesh Kumar,Chairman,University Grants Commission,Government,Afternoon,"Tuesday, Thursday, Friday, Saturday",1.0,ugc.gov.in,Internal Contacts,428.2,"payment, banking/beneficiary, access/credentials, document, data/records, approval, deadline/filing, contact/coordination, meeting, assistance/informal",Email,DERIVED_FROM_DATASET2_500_FINAL_V7_LEGITIMATE_RECORDS
ID-0472,T.G. Sitharam,Chairman,AICTE,Government,Afternoon,"Monday, Tuesday, Wednesday, Friday, Sunday",1.0,aicte-india.org,External Contacts,402.6,"payment, banking/beneficiary, access/credentials, document, data/records, approval, deadline/filing, contact/coordination, meeting, assistance/informal",Email,DERIVED_FROM_DATASET2_500_FINAL_V7_LEGITIMATE_RECORDS
ID-0473,Rangan Banerjee,Director,IIT Delhi,Education,Mixed,"Monday, Tuesday, Thursday, Friday, Saturday, Sunday",1.0,iitd.ac.in,Internal Contacts,409.9,"payment, banking/beneficiary, access/credentials, document, data/records, approval, deadline/filing, contact/coordination, meeting, assistance/informal",Email,DERIVED_FROM_DATASET2_500_FINAL_V7_LEGITIMATE_RECORDS
ID-0474,Atul Vyas,Registrar,IIT Delhi,Education,Mixed,Weekdays,1.0,iitd.ac.in,Internal Contacts,434.7,"payment, banking/beneficiary, access/credentials, document, data/records, approval, deadline/filing, contact/coordination, meeting, assistance/informal",Email,DERIVED_FROM_DATASET2_500_FINAL_V7_LEGITIMATE_RECORDS
ID-0475,Arvind K. Nema,Deputy Director (Operations),IIT Delhi,Education,Morning,"Tuesday, Thursday, Friday, Saturday",1.0,iitd.ac.in,Internal Contacts,433.5,"payment, banking/beneficiary, access/credentials, document, data/records, approval, deadline/filing, contact/coordination, meeting, assistance/informal",Email,DERIVED_FROM_DATASET2_500_FINAL_V7_LEGITIMATE_RECORDS
ID-0476,Manindra Agrawal,Director,IIT Kanpur,Education,Afternoon,"Tuesday, Wednesday, Thursday, Friday, Saturday",1.0,iitk.ac.in,Internal Contacts,450.8,"payment, banking/beneficiary, access/credentials, document, data/records, approval, deadline/filing, contact/coordination, meeting, assistance/informal",Email,DERIVED_FROM_DATASET2_500_FINAL_V7_LEGITIMATE_RECORDS
ID-0477,Ashok De,Dean of Academic Affairs,IIT Kanpur,Education,Morning,"Monday, Tuesday, Wednesday, Friday, Saturday, Sunday",1.0,iitk.ac.in,Internal Contacts,454.4,"payment, banking/beneficiary, access/credentials, document, data/records, approval, deadline/filing, contact/coordination, meeting, assistance/informal",Email,DERIVED_FROM_DATASET2_500_FINAL_V7_LEGITIMATE_RECORDS
ID-0478,K. Umamaheshwar Rao,Director,NIT Rourkela,Education,Afternoon,All Days,1.0,nitrkl.ac.in,Internal Contacts,444.1,"payment, banking/beneficiary, access/credentials, document, data/records, approval, deadline/filing, contact/coordination, meeting, assistance/informal",Email,DERIVED_FROM_DATASET2_500_FINAL_V7_LEGITIMATE_RECORDS
ID-0479,Saroj Kumar Patel,Dean (Academic),NIT Rourkela,Education,Mixed,All Days,1.0,nitrkl.ac.in,Internal Contacts,422.1,"payment, banking/beneficiary, access/credentials, document, data/records, approval, deadline/filing, contact/coordination, meeting, assistance/informal",Email,DERIVED_FROM_DATASET2_500_FINAL_V7_LEGITIMATE_RECORDS
ID-0480,Dipti Patra,"Dean (Alumni, Industry & International Relations)",NIT Rourkela,Education,Mixed,"Monday, Tuesday, Thursday, Friday, Saturday, Sunday",1.0,nitrkl.ac.in,Internal Contacts,434.8,"payment, banking/beneficiary, access/credentials, document, data/records, approval, deadline/filing, contact/coordination, meeting, assistance/informal",Email,DERIVED_FROM_DATASET2_500_FINAL_V7_LEGITIMATE_RECORDS
ID-0481,Bharat Bhasker,Director,IIM Ahmedabad,Education,Afternoon,"Monday, Tuesday, Wednesday, Thursday, Friday, Sunday",1.0,iima.ac.in,Internal Contacts,440.0,"payment, banking/beneficiary, access/credentials, document, data/records, approval, deadline/filing, contact/coordination, meeting, assistance/informal",Email,DERIVED_FROM_DATASET2_500_FINAL_V7_LEGITIMATE_RECORDS
ID-0482,Rishikesha T. Krishnan,Director,IIM Bangalore,Education,Morning,"Monday, Tuesday, Thursday, Friday, Saturday, Sunday",1.0,iimb.ac.in,Internal Contacts,431.2,"payment, banking/beneficiary, access/credentials, document, data/records, approval, deadline/filing, contact/coordination, meeting, assistance/informal",Email,DERIVED_FROM_DATASET2_500_FINAL_V7_LEGITIMATE_RECORDS
ID-0483,V.K. Tewari,Director,IIT Kharagpur,Education,Mixed,All Days,1.0,iitkgp.ac.in,Internal Contacts,434.4,"payment, banking/beneficiary, access/credentials, document, data/records, approval, deadline/filing, contact/coordination, meeting, assistance/informal",Email,DERIVED_FROM_DATASET2_500_FINAL_V7_LEGITIMATE_RECORDS
ID-0484,Devendra Jalihal,Director,IIT Guwahati,Education,Afternoon,All Days,1.0,iitg.ac.in,Internal Contacts,406.9,"payment, banking/beneficiary, access/credentials, document, data/records, approval, deadline/filing, contact/coordination, meeting, assistance/informal",Email,DERIVED_FROM_DATASET2_500_FINAL_V7_LEGITIMATE_RECORDS
ID-0485,G. Rangarajan,Director,IISc Bangalore,Education,Afternoon,"Monday, Tuesday, Wednesday, Friday, Sunday",1.0,iisc.ac.in,Internal Contacts,426.6,"payment, banking/beneficiary, access/credentials, document, data/records, approval, deadline/filing, contact/coordination, meeting, assistance/informal",Email,DERIVED_FROM_DATASET2_500_FINAL_V7_LEGITIMATE_RECORDS
ID-0486,Santishree Dhulipudi Pandit,Vice Chancellor,Jawaharlal Nehru University,Education,Afternoon,All Days,1.0,jnu.ac.in,Internal Contacts,470.5,"payment, banking/beneficiary, access/credentials, document, data/records, approval, deadline/filing, contact/coordination, meeting, assistance/informal",Email,DERIVED_FROM_DATASET2_500_FINAL_V7_LEGITIMATE_RECORDS
ID-0487,Sudhir Kumar Jain,Vice Chancellor,Banaras Hindu University,Education,Afternoon,"Tuesday, Wednesday, Thursday, Friday, Saturday",1.0,bhu.ac.in,External Contacts,444.7,"payment, banking/beneficiary, access/credentials, document, data/records, approval, deadline/filing, contact/coordination, meeting, assistance/informal",Email,DERIVED_FROM_DATASET2_500_FINAL_V7_LEGITIMATE_RECORDS
ID-0488,G. Aghila,Director,NIT Tiruchirappalli,Education,Mixed,"Monday, Thursday, Saturday",1.0,nitt.edu,Internal Contacts,445.0,"payment, banking/beneficiary, access/credentials, document, data/records, approval, deadline/filing, contact/coordination, meeting, assistance/informal",Email,DERIVED_FROM_DATASET2_500_FINAL_V7_LEGITIMATE_RECORDS
ID-0489,V. Ramgopal Rao,Vice Chancellor,BITS Pilani,Education,Morning,"Tuesday, Wednesday, Thursday, Friday, Saturday",1.0,pilani.bits-pilani.ac.in,Internal Contacts,450.8,"payment, banking/beneficiary, access/credentials, document, data/records, approval, deadline/filing, contact/coordination, meeting, assistance/informal",Email,DERIVED_FROM_DATASET2_500_FINAL_V7_LEGITIMATE_RECORDS
ID-0490,M. Srinivas,Director,AIIMS Delhi,Education,Afternoon,All Days,1.0,aiims.edu,Internal Contacts,430.0,"payment, banking/beneficiary, access/credentials, document, data/records, approval, deadline/filing, contact/coordination, meeting, assistance/informal",Email,DERIVED_FROM_DATASET2_500_FINAL_V7_LEGITIMATE_RECORDS
ID-0491,Manu Santhanam,Dean (Academic Research),IIT Madras,Education,Afternoon,"Monday, Tuesday, Thursday, Friday, Saturday, Sunday",1.0,iitm.ac.in,Internal Contacts,447.5,"payment, banking/beneficiary, access/credentials, document, data/records, approval, deadline/filing, contact/coordination, meeting, assistance/informal",Email,DERIVED_FROM_DATASET2_500_FINAL_V7_LEGITIMATE_RECORDS
ID-0492,Soumyo Mukherji,Dean (R&D),IIT Bombay,Education,Mixed,"Monday, Wednesday, Friday, Saturday, Sunday",1.0,iitb.ac.in,Internal Contacts,399.7,"payment, banking/beneficiary, access/credentials, document, data/records, approval, deadline/filing, contact/coordination, meeting, assistance/informal",Email,DERIVED_FROM_DATASET2_500_FINAL_V7_LEGITIMATE_RECORDS
ID-0493,Bidyadhar Subudhi,Director,NIT Warangal,Education,Mixed,"Monday, Tuesday, Wednesday, Thursday, Friday, Saturday",1.0,nitw.ac.in,Internal Contacts,429.0,"payment, banking/beneficiary, access/credentials, document, data/records, approval, deadline/filing, contact/coordination, meeting, assistance/informal",Email,DERIVED_FROM_DATASET2_500_FINAL_V7_LEGITIMATE_RECORDS
ID-0494,Uttam Kumar Sarkar,Director,IIM Calcutta,Education,Morning,"Tuesday, Wednesday, Thursday, Friday, Saturday, Sunday",1.0,iimcal.ac.in,Internal Contacts,440.4,"payment, banking/beneficiary, access/credentials, document, data/records, approval, deadline/filing, contact/coordination, meeting, assistance/informal",Email,DERIVED_FROM_DATASET2_500_FINAL_V7_LEGITIMATE_RECORDS
ID-0495,Archana Shukla,Director,IIM Lucknow,Education,Afternoon,"Monday, Tuesday, Thursday, Friday, Saturday, Sunday",1.0,iiml.ac.in,External Contacts,462.4,"payment, banking/beneficiary, access/credentials, document, data/records, approval, deadline/filing, contact/coordination, meeting, assistance/informal",Email,DERIVED_FROM_DATASET2_500_FINAL_V7_LEGITIMATE_RECORDS
ID-0496,Himanshu Rai,Director,IIM Indore,Education,Morning,"Monday, Tuesday, Wednesday, Saturday, Sunday",1.0,iimidr.ac.in,Internal Contacts,447.8,"payment, banking/beneficiary, access/credentials, document, data/records, approval, deadline/filing, contact/coordination, meeting, assistance/informal",Email,DERIVED_FROM_DATASET2_500_FINAL_V7_LEGITIMATE_RECORDS
ID-0497,Debashis Chatterjee,Director,IIM Kozhikode,Education,Morning,"Monday, Wednesday, Thursday, Friday, Sunday",1.11,iimk.ac.in,Internal Contacts,428.6,"payment, banking/beneficiary, access/credentials, document, data/records, approval, deadline/filing, contact/coordination, meeting, assistance/informal",Email,DERIVED_FROM_DATASET2_500_FINAL_V7_LEGITIMATE_RECORDS
ID-0498,B. Ravi,Director,"NIT Karnataka, Surathkal",Education,Afternoon,"Monday, Wednesday, Thursday, Friday",1.0,nitk.ac.in,Internal Contacts,411.1,"payment, banking/beneficiary, access/credentials, document, data/records, approval, deadline/filing, contact/coordination, meeting, assistance/informal",Email,DERIVED_FROM_DATASET2_500_FINAL_V7_LEGITIMATE_RECORDS
ID-0499,Madan Pillutla,Dean,Indian School of Business,Education,Afternoon,"Monday, Tuesday, Wednesday, Friday, Saturday",1.0,isb.edu,Internal Contacts,421.9,"payment, banking/beneficiary, access/credentials, document, data/records, approval, deadline/filing, contact/coordination, meeting, assistance/informal",Email,DERIVED_FROM_DATASET2_500_FINAL_V7_LEGITIMATE_RECORDS
ID-0500,Sandip Trivedi,Director,Tata Institute of Fundamental Research,Education,Afternoon,"Monday, Tuesday, Wednesday, Thursday, Friday, Sunday",1.0,tifr.res.in,Internal Contacts,411.5,"payment, banking/beneficiary, access/credentials, document, data/records, approval, deadline/filing, contact/coordination, meeting, assistance/informal",Email,DERIVED_FROM_DATASET2_500_FINAL_V7_LEGITIMATE_RECORDS
