identity_id,name,role,organization,official_email,official_domain,organization_type,country,source_url,source_type
ID-0001,Mohan Charan Majhi,Chief Minister,Government of Odisha,cmo@nic.in,odisha.gov.in,Government,India,https://inpr.odisha.gov.in/en/about-us/whos-who/web-directory,Official government directory
ID-0002,Hemant Sharma,Additional Chief Secretary,Government of Odisha,iprsec.or@nic.in,odisha.gov.in,Government,India,https://inpr.odisha.gov.in/en/about-us/whos-who/web-directory,Official government directory
ID-0003,Anuj Kumar Das Pattanaik,Director,"Information & Public Relations Department, Odisha",director-ipr.od@gov.in,odisha.gov.in,Government,India,https://inpr.odisha.gov.in/en/about-us/whos-who/web-directory,Official government directory
ID-0004,Pruthwee Raj Pani,AFA-cum-Under Secretary,"Information & Public Relations Department, Odisha",pruthweeraj1970@gmail.com,odisha.gov.in,Government,India,https://inpr.odisha.gov.in/en/about-us/whos-who/web-directory,Official government directory
ID-0005,Parthasarathi Mallick,PIO-cum-Under Secretary,"Information & Public Relations Department, Odisha",rti-ori@nic.in,odisha.gov.in,Government,India,https://inpr.odisha.gov.in/en/about-us/whos-who/web-directory,Official government directory
ID-0006,Sanjeeb Kumar Mishra,Principal Secretary,"Finance Department, Odisha",finsec.or@nic.in,odisha.gov.in,Government,India,https://finance.odisha.gov.in/en/about-us/whose-who,Official government directory
ID-0007,Yamini Sarangi,Special Secretary,"Finance Department, Odisha",yamini.sarangi@nic.in,odisha.gov.in,Government,India,https://finance.odisha.gov.in/en/about-us/whose-who,Official government directory
ID-0008,Satyapriya Rath,Director (Budget)-cum-Additional Secretary,"Finance Department, Odisha",finsec.or@nic.in,odisha.gov.in,Government,India,https://finance.odisha.gov.in/en/about-us/whose-who,Official government directory
ID-0009,Krushna Chandra Satpathy,Additional Secretary,"Finance Department, Odisha",finsec.or@nic.in,odisha.gov.in,Government,India,https://finance.odisha.gov.in/en/about-us/whose-who,Official government directory
ID-0010,Saumyajit Rout,Joint Secretary,"Finance Department, Odisha",saumyajit.rout@gmail.com,odisha.gov.in,Government,India,https://finance.odisha.gov.in/en/about-us/whose-who,Official government directory
ID-0011,Saswata Mishra,Additional Chief Secretary to Chief Minister,"Chief Minister's Office, Odisha",cmo@nic.in,odisha.gov.in,Government,India,https://odisha.gov.in/index.php/en/about-us/whos-who/cm-office,Official government directory
ID-0012,Manoj Kumar Sahoo,Private Secretary to Chief Minister,"Chief Minister's Office, Odisha",cmo@nic.in,odisha.gov.in,Government,India,https://odisha.gov.in/index.php/en/about-us/whos-who/cm-office,Official government directory
ID-0013,Anupam Saha,Additional Secretary to Chief Minister,"Chief Minister's Office, Odisha",cmo@nic.in,odisha.gov.in,Government,India,https://odisha.gov.in/index.php/en/about-us/whos-who/cm-office,Official government directory
ID-0014,Prasanna Kumar Sarangi,OSD-cum-Special Secretary to Chief Minister,"Chief Minister's Office, Odisha",cmo@nic.in,odisha.gov.in,Government,India,https://odisha.gov.in/index.php/en/about-us/whos-who/cm-office,Official government directory
ID-0015,Mirdha Toppo,Special Secretary to Chief Minister,"Chief Minister's Office, Odisha",cmo@nic.in,odisha.gov.in,Government,India,https://odisha.gov.in/index.php/en/about-us/whos-who/cm-office,Official government directory
ID-0016,Chitrasen Rout,Additional Secretary to Chief Minister,"Chief Minister's Office, Odisha",cmo@nic.in,odisha.gov.in,Government,India,https://odisha.gov.in/index.php/en/about-us/whos-who/cm-office,Official government directory
ID-0017,Umesh Chandra Tripathy,Additional Secretary to Chief Minister,"Chief Minister's Office, Odisha",cmo@nic.in,odisha.gov.in,Government,India,https://odisha.gov.in/index.php/en/about-us/whos-who/cm-office,Official government directory
ID-0018,Trilochan Mohanty,Joint Secretary to Chief Minister,"Chief Minister's Office, Odisha",cmo@nic.in,odisha.gov.in,Government,India,https://odisha.gov.in/index.php/en/about-us/whos-who/cm-office,Official government directory
ID-0019,Pradip Kumar Samal,PIO-cum-Under Secretary to Chief Minister,"Chief Minister's Office, Odisha",cmo@od.gov.in,odisha.gov.in,Government,India,https://odisha.gov.in/index.php/en/about-us/whos-who/cm-office,Official government directory
ID-0020,Hemant Sharma,Additional Chief Secretary,"Home Department, Odisha",homesec.od@od.gov.in,odisha.gov.in,Government,India,https://home.odisha.gov.in/en/about-us/whos-who/web-directory?field_designation_target_id=All&page=0&title=,Official government directory
ID-0021,Pranati Chhotray,Additional Secretary,"Home Department, Odisha",pranati.chhotray@odisha.gov.in,odisha.gov.in,Government,India,https://home.odisha.gov.in/en/about-us/whos-who/web-directory?field_designation_target_id=All&page=0&title=,Official government directory
ID-0022,Samarendra Nayak,Additional Secretary,"Home Department, Odisha",samarendra.nayak@odisha.gov.in,odisha.gov.in,Government,India,https://home.odisha.gov.in/en/about-us/whos-who/web-directory?field_designation_target_id=All&page=0&title=,Official government directory
ID-0023,G. Jagdish Kumar,Joint Secretary,"Home Department, Odisha",gjagadish.kumar@odisha.gov.in,odisha.gov.in,Government,India,https://home.odisha.gov.in/en/about-us/whos-who/web-directory?field_designation_target_id=All&page=0&title=,Official government directory
ID-0024,Amiya Kumar Udgata,Joint Secretary,"Home Department, Odisha",amiyakumar.udgata@odisha.gov.in,odisha.gov.in,Government,India,https://home.odisha.gov.in/en/about-us/whos-who/web-directory?field_designation_target_id=All&page=0&title=,Official government directory
ID-0025,Siba Prasad Panda,DDO-cum-Deputy Secretary,"Home Department, Odisha",siba.panda@odisha.gov.in,odisha.gov.in,Government,India,https://home.odisha.gov.in/en/about-us/whos-who/web-directory?field_designation_target_id=All&page=0&title=,Official government directory
ID-0026,Tarun Kumar Panda,Deputy Secretary,"Home Department, Odisha",tarunkumar.panda@odisha.gov.in,odisha.gov.in,Government,India,https://home.odisha.gov.in/en/about-us/whos-who/web-directory?field_designation_target_id=All&page=0&title=,Official government directory
ID-0027,Pradip Kumar Behera,Deputy Secretary,"Home Department, Odisha",pradipkumar.behera@odisha.gov.in,odisha.gov.in,Government,India,https://home.odisha.gov.in/en/about-us/whos-who/web-directory?field_designation_target_id=All&page=1&title=,Official government directory
ID-0028,Ratikanta Panda,Deputy Secretary,"Home Department, Odisha",ratikanta.panda@odisha.gov.in,odisha.gov.in,Government,India,https://home.odisha.gov.in/en/about-us/whos-who/web-directory?field_designation_target_id=All&page=1&title=,Official government directory
ID-0029,Suryanarayan Kar,Deputy Secretary,"Home Department, Odisha",suryanarayan.kar@odisha.gov.in,odisha.gov.in,Government,India,https://home.odisha.gov.in/en/about-us/whos-who/web-directory?field_designation_target_id=All&page=1&title=,Official government directory
ID-0030,Rajkishore Rout,Deputy Secretary,"Home Department, Odisha",rajkishore.rout@odisha.gov.in,odisha.gov.in,Government,India,https://home.odisha.gov.in/en/about-us/whos-who/web-directory?field_designation_target_id=All&page=1&title=,Official government directory
ID-0031,Aatish Anshuman,Assistant Professor,IIT Bhubaneswar,aanshuman@iitbbs.ac.in,iitbbs.ac.in,Education,India,https://www.iitbbs.ac.in/index.php/home/faculty,Official university directory
ID-0032,Abhinav Arya,Assistant Professor,IIT Bhubaneswar,aarya@iitbbs.ac.in,iitbbs.ac.in,Education,India,https://www.iitbbs.ac.in/index.php/home/faculty,Official university directory
ID-0033,Abhineet Prakash,Assistant Professor,IIT Bhubaneswar,abhineet@iitbbs.ac.in,iitbbs.ac.in,Education,India,https://www.iitbbs.ac.in/index.php/home/faculty,Official university directory
ID-0034,Akshaya Kumar Rath,Associate Professor,IIT Bhubaneswar,akrath@iitbbs.ac.in,iitbbs.ac.in,Education,India,https://www.iitbbs.ac.in/index.php/home/faculty,Official university directory
ID-0035,Aparna Pandey,Assistant Professor,IIT Bhubaneswar,aparnapandey@iitbbs.ac.in,iitbbs.ac.in,Education,India,https://www.iitbbs.ac.in/index.php/home/faculty,Official university directory
ID-0036,Abhijit Datta Banik,Associate Professor,IIT Bhubaneswar,adattabanik@iitbbs.ac.in,iitbbs.ac.in,Education,India,https://www.iitbbs.ac.in/index.php/home/faculty,Official university directory
ID-0037,Abhik Jana,Assistant Professor,IIT Bhubaneswar,abhikjana@iitbbs.ac.in,iitbbs.ac.in,Education,India,https://www.iitbbs.ac.in/index.php/home/faculty,Official university directory
ID-0038,Abhishek Chowdhury,Assistant Professor,IIT Bhubaneswar,achowdhury@iitbbs.ac.in,iitbbs.ac.in,Education,India,https://www.iitbbs.ac.in/index.php/home/faculty,Official university directory
ID-0039,Akash Jaiswal,Assistant Professor,IIT Bhubaneswar,ajaiswal@iitbbs.ac.in,iitbbs.ac.in,Education,India,https://www.iitbbs.ac.in/index.php/home/faculty,Official university directory
ID-0040,Akhilesh Kumar Singh,Associate Professor,IIT Bhubaneswar,aksingh@iitbbs.ac.in,iitbbs.ac.in,Education,India,https://www.iitbbs.ac.in/index.php/home/faculty,Official university directory
ID-0041,Akshay K,Assistant Professor,IIT Bhubaneswar,akshay@iitbbs.ac.in,iitbbs.ac.in,Education,India,https://www.iitbbs.ac.in/index.php/home/faculty,Official university directory
ID-0042,Amar Deep Sarkar,Assistant Professor,IIT Bhubaneswar,amar@iitbbs.ac.in,iitbbs.ac.in,Education,India,https://www.iitbbs.ac.in/index.php/home/faculty,Official university directory
ID-0043,Amrit B. Sahu,Assistant Professor,IIT Bhubaneswar,amritbsahu@iitbbs.ac.in,iitbbs.ac.in,Education,India,https://www.iitbbs.ac.in/index.php/home/faculty,Official university directory
ID-0044,Amrita Satapathy,Associate Professor,IIT Bhubaneswar,asatapathy@iitbbs.ac.in,iitbbs.ac.in,Education,India,https://www.iitbbs.ac.in/index.php/home/faculty,Official university directory
ID-0045,Anamitra Basu,Associate Professor,IIT Bhubaneswar,anamitrabasu@iitbbs.ac.in,iitbbs.ac.in,Education,India,https://www.iitbbs.ac.in/index.php/home/faculty,Official university directory
ID-0046,Anasuya Roychowdhury,Associate Professor,IIT Bhubaneswar,aroychowdhury@iitbbs.ac.in,iitbbs.ac.in,Education,India,https://www.iitbbs.ac.in/index.php/home/faculty,Official university directory
ID-0047,Animesh Mandal,Professor,IIT Bhubaneswar,animesh@iitbbs.ac.in,iitbbs.ac.in,Education,India,https://www.iitbbs.ac.in/index.php/home/faculty,Official university directory
ID-0048,Anirban Bhattacharya,Associate Professor,IIT Bhubaneswar,anirban@iitbbs.ac.in,iitbbs.ac.in,Education,India,https://www.iitbbs.ac.in/index.php/home/faculty,Official university directory
ID-0049,Ankit Dalal,Assistant Professor,IIT Bhubaneswar,ankitdalal@iitbbs.ac.in,iitbbs.ac.in,Education,India,https://www.iitbbs.ac.in/index.php/home/faculty,Official university directory
ID-0050,Ankit Ravindra Deshmukh,Assistant Professor,IIT Bhubaneswar,ankitd@iitbbs.ac.in,iitbbs.ac.in,Education,India,https://www.iitbbs.ac.in/index.php/home/faculty,Official university directory
ID-0051,Uma Kanjilal,Vice-Chancellor,IGNOU,vc@ignou.ac.in,ignou.ac.in,Education,India,https://www.ignou.ac.in/pages/2,Official university directory
ID-0052,Yogesh Singh,Vice-Chancellor,University of Delhi,vc@du.ac.in,du.ac.in,Education,India,https://www.du.ac.in/index.php?page=telephone-directory,Official university directory
ID-0053,Balaram Pani,Dean of Colleges,University of Delhi,dean_colleges@du.ac.in,du.ac.in,Education,India,https://www.du.ac.in/index.php?page=telephone-directory,Official university directory
ID-0054,Shireesh B. Kedare,Director,IIT Bombay,director@iitb.ac.in,iitb.ac.in,Education,India,https://www.iitb.ac.in/administration/functionaries,Official university directory
ID-0055,Ravindra D. Gudi,Deputy Director FIA,IIT Bombay,dd.fia@iitb.ac.in,iitb.ac.in,Education,India,https://www.iitb.ac.in/administration/functionaries,Official university directory
ID-0056,Murty B S,Director,IIT Hyderabad,director@iith.ac.in,iith.ac.in,Education,India,https://www.iith.ac.in/administration/administration/,Official university directory
ID-0057,V Venkata Rao,Registrar,IIT Hyderabad,registrar@iith.ac.in,iith.ac.in,Education,India,https://www.iith.ac.in/administration/administration/,Official university directory
ID-0058,V. Kamakoti,Director,IIT Madras,director@iitm.ac.in,iitm.ac.in,Education,India,https://www.iitm.ac.in/about-iitm/administration,Official university directory
ID-0059,Kamal Kishore Pant,Director,IIT Roorkee,director@iitr.ac.in,iitr.ac.in,Education,India,https://www.iitr.ac.in/administration/pages/Director.html,Official university directory
ID-0060,Shashikala Gulabrao Wanjari,Vice-Chancellor,NIEPA,vc@niepa.ac.in,niepa.ac.in,Education,India,https://www.niepa.ac.in/,Official university directory
ID-0061,Ashok Chandra,Managing Director & CEO,Punjab National Bank,mdps@pnb.co.in,pnbindia.in,Banking/Financial,India,https://pnb.bank.in/board-of-directors.html,Official bank board page
ID-0062,Kalyan Kumar,Executive Director,Punjab National Bank,hosd@pnb.co.in,pnbindia.in,Banking/Financial,India,https://pnb.bank.in/board-of-directors.html,Official bank board page
ID-0063,M. Paramasivam,Executive Director,Punjab National Bank,hosd@pnb.co.in,pnbindia.in,Banking/Financial,India,https://pnb.bank.in/board-of-directors.html,Official bank board page
ID-0064,Bibhu Prasad Mahapatra,Executive Director,Punjab National Bank,hosd@pnb.co.in,pnbindia.in,Banking/Financial,India,https://pnb.bank.in/board-of-directors.html,Official bank board page
ID-0065,D. Surendran,Executive Director,Punjab National Bank,hosd@pnb.co.in,pnbindia.in,Banking/Financial,India,https://pnb.bank.in/board-of-directors.html,Official bank board page
ID-0066,Rajiv Anand,Managing Director & CEO,IndusInd Bank,managingdirector@indusind.com,indusind.com,Banking/Financial,India,https://www.indusind.com/in/en/about-us/management.html,Official bank management page
ID-0067,Kesavan Ramachandran,Executive Director,Reserve Bank of India,helpdoc@rbi.org.in,rbi.org.in,Banking/Financial,India,https://www.rbi.org.in/Scripts/ExecutiveDirectors.aspx,Official RBI directory
ID-0068,Indranil Bhattacharyya,Executive Director,Reserve Bank of India,ibhattacharya@rbi.org.in,rbi.org.in,Banking/Financial,India,https://www.rbi.org.in/Scripts/ExecutiveDirectors.aspx,Official RBI directory
ID-0069,Ajit Ratnakar Joshi,Executive Director,Reserve Bank of India,pradsim@rbi.org.in,rbi.org.in,Banking/Financial,India,https://www.rbi.org.in/Scripts/ExecutiveDirectors.aspx,Official RBI directory
ID-0070,Aviral Jain,Executive Director,Reserve Bank of India,aaria@rbi.org.in,rbi.org.in,Banking/Financial,India,https://www.rbi.org.in/Scripts/ExecutiveDirectors.aspx,Official RBI directory
ID-0071,Salil Parekh,CEO & Managing Director,Infosys,investors@infosys.com,infosys.com,Company/Executive,India,https://www.infosys.com/about/management-profiles.html,Official company leadership page
ID-0072,Jayesh Sanghrajka,Chief Financial Officer,Infosys,jayesh.sanghrajka@infosys.com,infosys.com,Company/Executive,India,https://www.infosys.com/about/management-profiles.html,Official company leadership page
ID-0073,Srini Pallia,CEO & Managing Director,Wipro,investor.relations@wipro.com,wipro.com,Company/Executive,India,https://www.wipro.com/about-us/leadership/,Official company leadership page
ID-0074,Rishad Premji,Executive Chairman,Wipro,investor.relations@wipro.com,wipro.com,Company/Executive,India,https://www.wipro.com/about-us/leadership/,Official company leadership page
ID-0075,K. Krithivasan,CEO & Managing Director,Tata Consultancy Services,Investor.Relations@tcs.com,tcs.com,Company/Executive,India,https://www.tcs.com/who-we-are/leadership,Official company leadership page
ID-0076,Aarthi Subramanian,"Executive Director, President & COO",Tata Consultancy Services,Investor.Relations@tcs.com,tcs.com,Company/Executive,India,https://www.tcs.com/who-we-are/leadership,Official company leadership page
ID-0077,Anand Mahindra,"Chairman, Mahindra Group",Mahindra Group,institutionalinvestors@mahindra.com,mahindra.com,Company/Executive,India,https://www.mahindra.com/about-us/leadership,Official company leadership page
ID-0078,Anish Shah,Group CEO & Managing Director,Mahindra Group,institutionalinvestors@mahindra.com,mahindra.com,Company/Executive,India,https://www.mahindra.com/about-us/leadership,Official company leadership page
ID-0079,Sunil D'Souza,Managing Director & CEO,Tata Consumer Products,investor.relations@tataconsumer.com,tataconsumer.com,Company/Executive,India,https://www.tataconsumer.com/about-us/leadership,Official company leadership page
ID-0080,Amit Syngle,Managing Director & CEO,Asian Paints,amit.syngle@asianpaints.com,asianpaints.com,Company/Executive,India,https://www.asianpaints.com/about-us/leadership.html,Official company leadership page
ID-0081,Ashish Kumar Bhutani,Secretary,Ministry of Cooperation,secy-coop@gov.in,cooperation.gov.in,Government,India,https://www.cooperation.gov.in/en/whoswho,Official ministry directory
ID-0082,Pankaj Kumar Bansal,Additional Secretary,Ministry of Cooperation,as.cd-coop@gov.in,cooperation.gov.in,Government,India,https://www.cooperation.gov.in/en/whoswho,Official ministry directory
ID-0083,Raman Kumar,Joint Secretary,Ministry of Cooperation,js.cd-coop@gov.in,cooperation.gov.in,Government,India,https://www.cooperation.gov.in/en/whoswho,Official ministry directory
ID-0084,S Sathiya,Director,Ministry of Cooperation,director-cd1@gov.in,cooperation.gov.in,Government,India,https://www.cooperation.gov.in/en/whoswho,Official ministry directory
ID-0085,Amit Kumar,Director,Ministry of Cooperation,dir-ctp@gov.in,cooperation.gov.in,Government,India,https://www.cooperation.gov.in/en/whoswho,Official ministry directory
ID-0086,Vipin Singh,Deputy Director,Ministry of Cooperation,dd.media-coop@gov.in,cooperation.gov.in,Government,India,https://www.cooperation.gov.in/en/whoswho,Official ministry directory
ID-0087,Afsar Ahmed,Director,Ministry of Cooperation,dirol-coop@gov.in,cooperation.gov.in,Government,India,https://www.cooperation.gov.in/en/whoswho,Official ministry directory
ID-0088,Devendra Kumar Singh,Chairperson,Ministry of Cooperation,chairperson-coop.ea@gov.in,cooperation.gov.in,Government,India,https://www.cooperation.gov.in/en/whoswho,Official ministry directory
ID-0089,Ravneet Kaur,Chairperson,Competition Commission of India,cci-chairman@nic.in,cci.gov.in,Regulator,India,https://www.cci.gov.in/whos-who,Official regulator directory
ID-0090,Inder Pal Singh Bindra,Secretary,Competition Commission of India,secy@cci.gov.in,cci.gov.in,Regulator,India,https://www.cci.gov.in/whos-who,Official regulator directory
ID-0091,Anuj Dash,Assistant Professor,IIT Bhubaneswar,anujdash@iitbbs.ac.in,iitbbs.ac.in,Education,India,https://www.iitbbs.ac.in/index.php/home/faculty,Official university directory
ID-0092,Arindam Sarkar,Associate Professor,IIT Bhubaneswar,asarkar@iitbbs.ac.in,iitbbs.ac.in,Education,India,https://www.iitbbs.ac.in/index.php/home/faculty,Official university directory
ID-0093,Arjun S,Assistant Professor,IIT Bhubaneswar,arjuns@iitbbs.ac.in,iitbbs.ac.in,Education,India,https://www.iitbbs.ac.in/index.php/home/faculty,Official university directory
ID-0094,Arpan Das,Assistant Professor,IIT Bhubaneswar,arpandas@iitbbs.ac.in,iitbbs.ac.in,Education,India,https://www.iitbbs.ac.in/index.php/home/faculty,Official university directory
ID-0095,Arun Kumar Pradhan,Professor,IIT Bhubaneswar,akpradhan@iitbbs.ac.in,iitbbs.ac.in,Education,India,https://www.iitbbs.ac.in/index.php/home/faculty,Official university directory
ID-0096,Ashis Biswas,Professor,IIT Bhubaneswar,abiswas@iitbbs.ac.in,iitbbs.ac.in,Education,India,https://www.iitbbs.ac.in/index.php/home/faculty,Official university directory
ID-0097,Debadatta Swain,Associate Professor,IIT Bhubaneswar,dswain@iitbbs.ac.in,iitbbs.ac.in,Education,India,https://www.iitbbs.ac.in/index.php/home/faculty,Official university directory
ID-0098,Debalina Ghosh,Associate Professor,IIT Bhubaneswar,deghosh@iitbbs.ac.in,iitbbs.ac.in,Education,India,https://www.iitbbs.ac.in/index.php/home/faculty,Official university directory
ID-0099,Gaurav Bartarya,Associate Professor,IIT Bhubaneswar,bartarya@iitbbs.ac.in,iitbbs.ac.in,Education,India,https://www.iitbbs.ac.in/index.php/home/faculty,Official university directory
ID-0100,Niharika Mohapatra,Professor,IIT Bhubaneswar,niharika@iitbbs.ac.in,iitbbs.ac.in,Education,India,https://www.iitbbs.ac.in/index.php/home/faculty,Official university directory
ID-0101,Sri Raghunandan Das,Hon’ble Minister,Department of Water Resources,wrsec.od@nic.in,odisha.gov.in,Government,India,https://odisha.gov.in/en/about-us/whos-who/department,Official government directory
ID-0102,"Dr. Mrinalini Darswal, IAS",Commissioner-cum-Secretary,Department of Women and Child Development,wcdsec.or@od.gov.in,od.gov.in,Government,India,https://odisha.gov.in/en/about-us/whos-who/department,Official government directory
ID-0103,"Ms. Rashmita Panda, IAS",Commissioner-cum-Secretary,"Micro, Small & Medium Enterprise Department",secy-msme.od@od.gov.in,od.gov.in,Government,India,https://odisha.gov.in/en/about-us/whos-who/department,Official government directory
ID-0104,"Dr. N. Thirumala Naik, IAS",Commissioner-cum-Secretary,Department of School and Mass Education,Secretarysme.od@nic.in,odisha.gov.in,Government,India,https://odisha.gov.in/en/about-us/whos-who/department,Official government directory
ID-0105,"Dr. Nivedita Prusty, IAS",Additional Secretary to Government,"Handlooms, Textiles & Handicrafts Department",hthdepartment@gmail.com,odisha.gov.in,Government,India,https://odisha.gov.in/en/about-us/whos-who/department,Official government directory
ID-0106,"Smt Chinmayee Biswal, OAS",Additional Secretary to Government,"Handlooms, Textiles & Handicrafts Department",hthdepartment@gmail.com,odisha.gov.in,Government,India,https://odisha.gov.in/en/about-us/whos-who/department,Official government directory
ID-0107,"Dr. Pabitra Mohan Samal, OSJS",Principal Secretary to Government,Law Department,lawsec.or@nic.in,odisha.gov.in,Government,India,https://odisha.gov.in/en/about-us/whos-who/department,Official government directory
ID-0108,"Shri Rajesh Kumar Agarwala, OAS(SAG)",Additional Secretary/Director,Labour and Employee's State Insurance Department,labsec.od@nic.in,odisha.gov.in,Government,India,https://odisha.gov.in/en/about-us/whos-who/department,Official government directory
ID-0109,"Sri Pratap Chandra Hota, IAS",Additional Secretary to Government,"Handlooms, Textiles & Handicrafts Department",mail.pchota@gmail.com,odisha.gov.in,Government,India,https://odisha.gov.in/en/about-us/whos-who/department,Official government directory
ID-0110,Smt. Urmila Kanhar,AFA,Commerce & Transport Department,ctsec.od@nic.in,odisha.gov.in,Government,India,https://odisha.gov.in/en/about-us/whos-who/department,Official government directory
ID-0111,Shri Biswombar Sethi,Under Secretary,Commerce & Transport Department,ctsec.od@nic.in,odisha.gov.in,Government,India,https://odisha.gov.in/en/about-us/whos-who/department,Official government directory
ID-0112,"Shri Saroj Kanta Mohanty, O.A.S. (SAG)",Additional Secretary,Industries Department,indsec.or@nic.in,odisha.gov.in,Government,India,https://odisha.gov.in/en/about-us/whos-who/department,Official government directory
ID-0113,Smt. Sarita Dhanwar,Additional Secretary,Department of Agriculture & Farmers' Empowerment,agrsec.or@nic.in,odisha.gov.in,Government,India,https://odisha.gov.in/en/about-us/whos-who/department,Official government directory
ID-0114,Shri Sabyasachi Hota,Additional Secretary to Government,Electronics & Information Technology Department,sabyasachi.hota@gov.in,odisha.gov.in,Government,India,https://odisha.gov.in/en/about-us/whos-who/department,Official government directory
ID-0115,"Smt. Sonia Behera, OAS (SAG)",Additional Secretary,Social Security & Empowerment of Persons with Disabilities Department,ssepdodisha@gmail.com,odisha.gov.in,Government,India,https://odisha.gov.in/en/about-us/whos-who/department,Official government directory
ID-0116,Sri Gangadhar Nayak,Special Secretary,Department of Housing & Urban Development,hudsec.or@nic.in,odisha.gov.in,Government,India,https://odisha.gov.in/en/about-us/whos-who/department,Official government directory
ID-0117,Smt. Nirmala Kumari Biswal,Under Secretary,Commerce & Transport Department,ctsec.od@nic.in,odisha.gov.in,Government,India,https://odisha.gov.in/en/about-us/whos-who/department,Official government directory
ID-0118,Smt Mamata Samantaroy,Under Secretary,"Handlooms, Textiles & Handicrafts Department",hthdepartment@gmail.com,odisha.gov.in,Government,India,https://odisha.gov.in/en/about-us/whos-who/department,Official government directory
ID-0119,Smt. Urmiprava Maharana,Deputy Secretary to Government,Science & Technology Department,dstsec.od@nic.in,odisha.gov.in,Government,India,https://odisha.gov.in/en/about-us/whos-who/department,Official government directory
ID-0120,Mr. Binaya Kumar Dash,Special Secretary,Department of Housing & Urban Development,dashbinaya45@gmail.com,odisha.gov.in,Government,India,https://odisha.gov.in/en/about-us/whos-who/department,Official government directory
ID-0121,Bishnupriya Sahoo,Additional Secretary,Department of Co-operation,coopsec.or@nic.in,odisha.gov.in,Government,India,https://odisha.gov.in/en/about-us/whos-who/department,Official government directory
ID-0122,Smt. Smita Biswal,Special Secretary,Department of Health & Family Welfare,orhealth@nic.in,odisha.gov.in,Government,India,https://odisha.gov.in/en/about-us/whos-who/department,Official government directory
ID-0123,Sri Gaurahari Behera,Additional Secretary,Department of Health & Family Welfare,orhealth@nic.in,odisha.gov.in,Government,India,https://odisha.gov.in/en/about-us/whos-who/department,Official government directory
ID-0124,"Shri Lalit Kumar Kanhar, OAS",Deputy Secretary,Skill Development & Technical Education Department,etet.od@nic.in,odisha.gov.in,Government,India,https://odisha.gov.in/en/about-us/whos-who/department,Official government directory
ID-0125,Shri Manoranjan Panda,Deputy Director Geology,Department of Steel & Mines,dsmsec.od@nic.in,odisha.gov.in,Government,India,https://odisha.gov.in/en/about-us/whos-who/department,Official government directory
ID-0126,Shri Shaktikanta Ray,Additional Director,Department of Steel & Mines,itpmu@orissaminerals.gov.in,odisha.gov.in,Government,India,https://odisha.gov.in/en/about-us/whos-who/department,Official government directory
ID-0127,Sri Dillip Sahoo,"DDM, Cuttack",Department of Steel & Mines,mo.cuttack@orissaminerals.gov.in,odisha.gov.in,Government,India,https://odisha.gov.in/en/about-us/whos-who/department,Official government directory
ID-0128,"Smt. Soojata Misra, OAS (SS)",Special Secretary,"ST & SC Development, Minorities & Backward Classes Welfare Department",stscdev@gmail.com,odisha.gov.in,Government,India,https://odisha.gov.in/en/about-us/whos-who/department,Official government directory
ID-0129,Sri Manas Ranjan Patra,Assistant Director (Law),"Handlooms, Textiles & Handicrafts Department",hthdepartment@gmail.com,odisha.gov.in,Government,India,https://odisha.gov.in/en/about-us/whos-who/department,Official government directory
ID-0130,Puspanjali Bisoi (OSS),Under Secretary,Department of Public Enterprises,dpesec.od@nic.in,odisha.gov.in,Government,India,https://odisha.gov.in/en/about-us/whos-who/department,Official government directory
ID-0131,"Shri Durgaprasad Mohapatra, OAS (SAG)",Additional Secretary,Department of School and Mass Education,Secretarysme.od@nic.in,odisha.gov.in,Government,India,https://odisha.gov.in/en/about-us/whos-who/department,Official government directory
ID-0132,Shri Narottam Sahoo,Deputy Director Geology,Department of Steel & Mines,dsmsec.od@nic.in,odisha.gov.in,Government,India,https://odisha.gov.in/en/about-us/whos-who/department,Official government directory
ID-0133,"Rajat Kumar Kar, ADG",Additional Director,Department of Steel & Mines,dsmsec.od@nic.in,odisha.gov.in,Government,India,https://odisha.gov.in/en/about-us/whos-who/department,Official government directory
ID-0134,Chinmayee Chetna Dash,Deputy Secretary to Government,Science & Technology Department,dstsec.od@nic.in,odisha.gov.in,Government,India,https://odisha.gov.in/en/about-us/whos-who/department,Official government directory
ID-0135,"Sri Probodh Kumar Dwibedy, OSS",Deputy Secretary to Government,Department of Excise,excisesec.or@od.gov.in,odisha.gov.in,Government,India,https://odisha.gov.in/en/about-us/whos-who/department,Official government directory
ID-0136,"Sri Parakhita Bhoi, OSS",Under Secretary,Department of Excise,excisesec.or@od.gov.in,odisha.gov.in,Government,India,https://odisha.gov.in/en/about-us/whos-who/department,Official government directory
ID-0137,"Smt. Banita Dash, OFS(SAG)",FA-cum-Special Secretary,"ST & SC Development, Minorities & Backward Classes Welfare Department",stscdev@gmail.com,odisha.gov.in,Government,India,https://odisha.gov.in/en/about-us/whos-who/department,Official government directory
ID-0138,"Shri Shailendra Narayan Nayak, O.I.S.",Additional Director and Ex-Officio Additional Secretary,Industries Department,shailendra.nayak@odisha.gov.in,odisha.gov.in,Government,India,https://odisha.gov.in/en/about-us/whos-who/department,Official government directory
ID-0139,"Smt. Rashmi Kabi, OFS",F.A-cum-Additional Secretary,Planning & Convergence Department,giapncodisha@gmail.com,odisha.gov.in,Government,India,https://odisha.gov.in/en/about-us/whos-who/department,Official government directory
ID-0140,Sri Bijaya Kumar Mangaraj,Special Secretary,"Finance Department, Odisha",finsec.or@nic.in,odisha.gov.in,Government,India,https://odisha.gov.in/en/about-us/whos-who/department,Official government directory
ID-0141,"Dr. Jagadish Sarangi, OAS",Deputy Secretary,Department of Tourism,tourismsec.od@nic.in,odisha.gov.in,Government,India,https://odisha.gov.in/en/about-us/whos-who/department,Official government directory
ID-0142,Shri Dharmendra Satapathy,Special LAO,Commerce & Transport Department,ctsec.od@nic.in,odisha.gov.in,Government,India,https://odisha.gov.in/en/about-us/whos-who/department,Official government directory
ID-0143,Shri Bhaskar Raito OAS(SAG),Additional Secretary,Social Security & Empowerment of Persons with Disabilities Department,ssepdodisha@gmail.com,odisha.gov.in,Government,India,https://odisha.gov.in/en/about-us/whos-who/department,Official government directory
ID-0144,Sri Daridryabhanjan MM Patra,Additional Secretary,Department of Agriculture & Farmers' Empowerment,dbmmpatra@gmail.com,odisha.gov.in,Government,India,https://odisha.gov.in/en/about-us/whos-who/department,Official government directory
ID-0145,"Sri Amit Kumar Nayak,OAS",Deputy Secretary to Government,Sports & Youth Services Department,sportsysec.od@nic.in,odisha.gov.in,Government,India,https://odisha.gov.in/en/about-us/whos-who/department,Official government directory
ID-0146,"Sri Krutibash Routh, OAS",Additional Secretary,Department of Women and Child Development,wcdsec.or@od.gov.in,odisha.gov.in,Government,India,https://odisha.gov.in/en/about-us/whos-who/department,Official government directory
ID-0147,Smt. Soumitri Nayak,Deputy Secretary,Labour and Employee's State Insurance Department,labsec.od@nic.in,odisha.gov.in,Government,India,https://odisha.gov.in/en/about-us/whos-who/department,Official government directory
ID-0148,Sri Umakanta Barik,Land Acquisition Officer,Commerce & Transport Department,ctsec.od@nic.in,odisha.gov.in,Government,India,https://odisha.gov.in/en/about-us/whos-who/department,Official government directory
ID-0149,"Shri Rama Chandra Kisku, OAS",Additional Secretary,Department of Steel & Mines,dsm.edespatch@od.gov.in,odisha.gov.in,Government,India,https://odisha.gov.in/en/about-us/whos-who/department,Official government directory
ID-0150,Sri Abhijeet Routray,Assistant Section Officer,"Handlooms, Textiles & Handicrafts Department",hthdepartment@gmail.com,odisha.gov.in,Government,India,https://odisha.gov.in/en/about-us/whos-who/department,Official government directory
ID-0151,Sri Anshuman Nayak,Assistant Section Officer,"Handlooms, Textiles & Handicrafts Department",hthdepartment@gmail.com,odisha.gov.in,Government,India,https://odisha.gov.in/en/about-us/whos-who/department,Official government directory
ID-0152,"Smt. Sumitra Kumari Pattnaik, OAS (SAG)",Additional Secretary,Department of Women and Child Development,wcdsec.or@od.gov.in,odisha.gov.in,Government,India,https://odisha.gov.in/en/about-us/whos-who/department,Official government directory
ID-0153,Sri Bimbadhar Pradhan,Joint Secretary,Industries Department,bimbadhar.pradhan@odisha.gov.in,odisha.gov.in,Government,India,https://odisha.gov.in/en/about-us/whos-who/department,Official government directory
ID-0154,"Sri Bibekananda Sahoo, OAS(SAG)",Additional Secretary,Department of Women and Child Development,wcdsec.or@od.gov.in,odisha.gov.in,Government,India,https://odisha.gov.in/en/about-us/whos-who/department,Official government directory
ID-0155,Shri Santosh Kumar Suar,Special Secretary,"Finance Department, Odisha",finsec.od@nic.in,odisha.gov.in,Government,India,https://odisha.gov.in/en/about-us/whos-who/department,Official government directory
ID-0156,"Shri Daulat Chandrakar, OAS",Additional Secretary,Department of Steel & Mines,dsmsec.od@nic.in,odisha.gov.in,Government,India,https://odisha.gov.in/en/about-us/whos-who/department,Official government directory
ID-0157,"Sri Sibashis Dhal, OFS (SS)",FA-cum-Special Secretary,Department of School and Mass Education,Secretarysme.od@nic.in,odisha.gov.in,Government,India,https://odisha.gov.in/en/about-us/whos-who/department,Official government directory
ID-0158,"Shri Niranjana Jena, OAS",Deputy Secretary,Labour and Employee's State Insurance Department,labsec.od@nic.in,odisha.gov.in,Government,India,https://odisha.gov.in/en/about-us/whos-who/department,Official government directory
ID-0159,"Shri Sudhakar Nayak, OAS (SAG)",Additional Secretary to Government,Sports & Youth Services Department,sportsysec.od@nic.in,odisha.gov.in,Government,India,https://odisha.gov.in/en/about-us/whos-who/department,Official government directory
ID-0160,"Shri Manoj Behera, OAS",Deputy Secretary,Department of Tourism,tourismsec.od@nic.in,odisha.gov.in,Government,India,https://odisha.gov.in/en/about-us/whos-who/department,Official government directory
ID-0161,Shri Chandrapati Pradhan,Deputy Secretary to Government,"Micro, Small & Medium Enterprise Department",secy-msme.od@od.gov.in,odisha.gov.in,Government,India,https://odisha.gov.in/en/about-us/whos-who/department,Official government directory
ID-0162,"Sri Laxmikanta Mishra, OSS",Joint Secretary,Energy Department,energy@od.gov.in,odisha.gov.in,Government,India,https://odisha.gov.in/en/about-us/whos-who/department,Official government directory
ID-0163,"Sri Smruti Ranjan Pradhan, IAS",Additional Secretary to Government,"Forest, Environment and Climate Change Department",fesec.or@od.gov.in,odisha.gov.in,Government,India,https://odisha.gov.in/en/about-us/whos-who/department,Official government directory
ID-0164,"Sri Subhananda Mohapatra, OAS(SAG)",Additional Secretary,Department of Housing & Urban Development,hudsec.or@nic.in,odisha.gov.in,Government,India,https://odisha.gov.in/en/about-us/whos-who/department,Official government directory
ID-0165,"Shri Nelson Lakra, OFS (SAG)",FA-cum-Additional Secretary to Govt,Sports & Youth Services Department,sportsysec.od@nic.in,odisha.gov.in,Government,India,https://odisha.gov.in/en/about-us/whos-who/department,Official government directory
ID-0166,"Shri Ghasiram Murmu, OAS(SS)",Special Secretary,Department of General Administration & Public Grievance,gadmin.or@nic.in,odisha.gov.in,Government,India,https://odisha.gov.in/en/about-us/whos-who/department,Official government directory
ID-0167,Sri Shubhranshu Mishra,Additional Secretary,Department of Agriculture & Farmers' Empowerment,addl.secretarypolicy@gmail.com,odisha.gov.in,Government,India,https://odisha.gov.in/en/about-us/whos-who/department,Official government directory
ID-0168,"Sri Siba Prasad Mohapatra, OSJS",Additional Secretary to Government,Law Department,lawsec.or@nic.in,odisha.gov.in,Government,India,https://odisha.gov.in/en/about-us/whos-who/department,Official government directory
ID-0169,Shri Manoranjan Samantaray,Deputy Secretary,Labour and Employee's State Insurance Department,labsec.od@nic.in,odisha.gov.in,Government,India,https://odisha.gov.in/en/about-us/whos-who/department,Official government directory
ID-0170,"Sri Deba Prasad Dash, OAS (SS)",Special Secretary to Government,Odia Language Literature & Culture Department,specialsecretarycultureodisha@gmail.com,odisha.gov.in,Government,India,https://odisha.gov.in/en/about-us/whos-who/department,Official government directory
ID-0171,"Dr. Monica Priyadarshini, IAS","CEO, ORMAS",Panchayati Raj & Drinking Water Department,prsec.od@nic.in,odisha.gov.in,Government,India,https://odisha.gov.in/en/about-us/whos-who/department,Official government directory
ID-0172,Sri Amar Kumar Pradhan,Under Secretary,Commerce & Transport Department,ctsec.od@nic.in,odisha.gov.in,Government,India,https://odisha.gov.in/en/about-us/whos-who/department,Official government directory
ID-0173,"Sri Siddharth Shankar Swain, IAS","Director, Special Projects",Panchayati Raj & Drinking Water Department,directorsp.od@gov.in,odisha.gov.in,Government,India,https://odisha.gov.in/en/about-us/whos-who/department,Official government directory
ID-0174,"Shri Balaram Mallik, OAS(SAG)",Additional Secretary,Fisheries & Animal Resources Development Department,fardsec.od@nic.in,odisha.gov.in,Government,India,https://odisha.gov.in/en/about-us/whos-who/department,Official government directory
ID-0175,"Shri Sukanta Kumar Pradhan, OAS",Additional Secretary,Skill Development & Technical Education Department,sdte.addl@gmail.com,odisha.gov.in,Government,India,https://odisha.gov.in/en/about-us/whos-who/department,Official government directory
ID-0176,Shri Gobinda Ch. Samantra,"Deputy Director (CA), Bolangir",Department of Steel & Mines,dsmsec.od@nic.in,odisha.gov.in,Government,India,https://odisha.gov.in/en/about-us/whos-who/department,Official government directory
ID-0177,Shri Ganapati Pradhan,Deputy Director Geology,Department of Steel & Mines,dsmsec.od@nic.in,odisha.gov.in,Government,India,https://odisha.gov.in/en/about-us/whos-who/department,Official government directory
ID-0178,Shri Salil Behera,"Joint Director of Mines, HQ",Department of Steel & Mines,dsmsec.od@nic.in,odisha.gov.in,Government,India,https://odisha.gov.in/en/about-us/whos-who/department,Official government directory
ID-0179,Shri Pradip Kumar Naik,"DDM, Koraput",Department of Steel & Mines,dsmsec.od@nic.in,odisha.gov.in,Government,India,https://odisha.gov.in/en/about-us/whos-who/department,Official government directory
ID-0180,"Dr. Yeddula Vijay, IAS","Director, Sports",Sports & Youth Services Department,sportsysec.od@nic.in,odisha.gov.in,Government,India,https://odisha.gov.in/en/about-us/whos-who/department,Official government directory
ID-0181,Smt. Bidyut Prava Rout,FA-cum-Joint Secretary,Science & Technology Department,dstsec.od@nic.in,odisha.gov.in,Government,India,https://odisha.gov.in/en/about-us/whos-who/department,Official government directory
ID-0182,"Smt. Madhusmita Behera, OFS",F.A-cum-Additional Secretary,"Handlooms, Textiles & Handicrafts Department",madhusmitabehera0711@gmail.com,odisha.gov.in,Government,India,https://odisha.gov.in/en/about-us/whos-who/department,Official government directory
ID-0183,"Sri Arindam Dakua, IAS",DMA & Ex-officio Addl. Secretary,Department of Housing & Urban Development,dmahudd@gmail.com,odisha.gov.in,Government,India,https://odisha.gov.in/en/about-us/whos-who/department,Official government directory
ID-0184,"Smt. Lipsa Das, OAS(SS)",Special Secretary,Department of Public Enterprises,lipsa.das2@odisha.gov.in,odisha.gov.in,Government,India,https://odisha.gov.in/en/about-us/whos-who/department,Official government directory
ID-0185,Sri Lingaraj Otta,OSD-cum-Special Secretary,"Forest, Environment and Climate Change Department",lingaraj.otta@odisha.gov.in,odisha.gov.in,Government,India,https://odisha.gov.in/en/about-us/whos-who/department,Official government directory
ID-0186,"Shri Ashok Kumar Panda, OAS (SAG)",Additional Secretary to Government,Labour and Employee's State Insurance Department,labsec.od@nic.in,odisha.gov.in,Government,India,https://odisha.gov.in/en/about-us/whos-who/department,Official government directory
ID-0187,"Shri Laxman Kumar Mallick, I.A.S.","Director, Scheduled Castes Welfare","ST & SC Development, Minorities & Backward Classes Welfare Department",welsec.od@nic.in,odisha.gov.in,Government,India,https://odisha.gov.in/en/about-us/whos-who/department,Official government directory
ID-0188,"Dr. Debi Dutta Tripathy, OFS",F.A.-cum-Special Secretary,Energy Department,energy@od.gov.in,odisha.gov.in,Government,India,https://odisha.gov.in/en/about-us/whos-who/department,Official government directory
ID-0189,"Shri Indramani Nayak, IAS","Director, PR",Panchayati Raj & Drinking Water Department,prsec.od@nic.in,odisha.gov.in,Government,India,https://odisha.gov.in/en/about-us/whos-who/department,Official government directory
ID-0190,"Shri Debashis Patnaik, OAS(SAG)",Additional Secretary,Department of Excise,excisesec.or@od.gov.in,odisha.gov.in,Government,India,https://odisha.gov.in/en/about-us/whos-who/department,Official government directory
ID-0191,"Ms. Rajani Jani, OAS(SS)",Special Secretary,Social Security & Empowerment of Persons with Disabilities Department,rajani.jani@odisha.gov.in,odisha.gov.in,Government,India,https://odisha.gov.in/en/about-us/whos-who/department,Official government directory
ID-0192,"Shri Susanta Kumar Singh, OAS",Additional Secretary to Government,Department of Public Enterprises,dpesec.od@nic.in,odisha.gov.in,Government,India,https://odisha.gov.in/en/about-us/whos-who/department,Official government directory
ID-0193,Sri Ganeswar Jena,Additional Secretary,Department of Agriculture & Farmers' Empowerment,ganeswarjena2@gmail.com,odisha.gov.in,Government,India,https://odisha.gov.in/en/about-us/whos-who/department,Official government directory
ID-0194,"Sri Trilochan Patra, OAS(S)",Joint Secretary to Government,Department of Excise,excisesec.or@od.gov.in,odisha.gov.in,Government,India,https://odisha.gov.in/en/about-us/whos-who/department,Official government directory
ID-0195,"Sri Saroja Kumar Swain, OAS",Additional Secretary,Department of Tourism,info@odishatourism.gov.in,odisha.gov.in,Government,India,https://odisha.gov.in/en/about-us/whos-who/department,Official government directory
ID-0196,"Shri Kina Charan Soren, OSS",Joint Secretary to Government,Parliamentary Affairs Department,pasec.od@nic.in,odisha.gov.in,Government,India,https://odisha.gov.in/en/about-us/whos-who/department,Official government directory
ID-0197,Shri Bhagala Sirka,Joint Secretary,"Micro, Small & Medium Enterprise Department",secy-msme.od@od.gov.in,odisha.gov.in,Government,India,https://odisha.gov.in/en/about-us/whos-who/department,Official government directory
ID-0198,Sri Pradyumna Kumar Muduli,Under Secretary,Commerce & Transport Department,ctsec.od@nic.in,odisha.gov.in,Government,India,https://odisha.gov.in/en/about-us/whos-who/department,Official government directory
ID-0199,"Sri Subrat Kumar Behera, OAS",Deputy Secretary,"Handlooms, Textiles & Handicrafts Department",hthdepartment@gmail.com,odisha.gov.in,Government,India,https://odisha.gov.in/en/about-us/whos-who/department,Official government directory
ID-0200,Sri Sunaram Murmu,Joint Secretary to Government,Science & Technology Department,dstsec.od@nic.in,odisha.gov.in,Government,India,https://odisha.gov.in/en/about-us/whos-who/department,Official government directory
ID-0201,"Shri Manoj Kumar Padhy,OAS(SS)",Special Secretary,Department of School and Mass Education,Secretarysme.od@nic.in,odisha.gov.in,Government,India,https://odisha.gov.in/en/about-us/whos-who/department,Official government directory
ID-0202,Supriya Jena,FA-cum-Special Secretary,Department of Health & Family Welfare,orhealth@nic.in,odisha.gov.in,Government,India,https://odisha.gov.in/en/about-us/whos-who/department,Official government directory
ID-0203,"Sri Nilamani Nayak, OSS",Under Secretary to Govt,"Handlooms, Textiles & Handicrafts Department",hthdepartment@gmail.com,odisha.gov.in,Government,India,https://odisha.gov.in/en/about-us/whos-who/department,Official government directory
ID-0204,Sri Saroj Kumar Sahoo,Deputy Director Geology,Department of Steel & Mines,sksahoo667@gmail.com,odisha.gov.in,Government,India,https://odisha.gov.in/en/about-us/whos-who/department,Official government directory
ID-0205,Smt. Lipsa Prusty,"DDM, HQ",Department of Steel & Mines,itpmu@orissaminerals.gov.in,odisha.gov.in,Government,India,https://odisha.gov.in/en/about-us/whos-who/department,Official government directory
ID-0206,Shri Jitendra Kumar Panda,"DDM, Baripada",Department of Steel & Mines,mo.baripada@orissaminerals.gov.in,odisha.gov.in,Government,India,https://odisha.gov.in/en/about-us/whos-who/department,Official government directory
ID-0207,"Smt. Shanti Sudha Kanungo, OFS (SAG)",FA-cum-Additional Secretary to Govt,Electronics & Information Technology Department,itsec.od@nic.in,odisha.gov.in,Government,India,https://odisha.gov.in/en/about-us/whos-who/department,Official government directory
ID-0208,"Sri Biswajit Routray, OTS",Additional Director,Department of Tourism,ad.tourism@odishatourism.gov.in,odishatourism.gov.in,Government,India,https://odisha.gov.in/en/about-us/whos-who/department,Official government directory
ID-0209,Er. Ratikanta Behera,SE - Kendrapara-I,Works Department,workssec.od@nic.in,odisha.gov.in,Government,India,https://odisha.gov.in/en/about-us/whos-who/department,Official government directory
ID-0210,Er. Kshiradhar Kandhapani,"E.E (N.H. Division, Jeypore)",Works Department,eenhjpr.od@gov.in,odisha.gov.in,Government,India,https://odisha.gov.in/en/about-us/whos-who/department,Official government directory
ID-0211,Er. D.P. Mishra,ACE P & D,Works Department,workssec.od@nic.in,odisha.gov.in,Government,India,https://odisha.gov.in/en/about-us/whos-who/department,Official government directory
ID-0212,Er. Gayatri Patel,SE (DPQ),Works Department,gayatriuce@yahoo.co.in,odisha.gov.in,Government,India,https://odisha.gov.in/en/about-us/whos-who/department,Official government directory
ID-0213,Rudra N. Acharya,FA EIC(Civil),Works Department,workssec.od@nic.in,odisha.gov.in,Government,India,https://odisha.gov.in/en/about-us/whos-who/department,Official government directory
ID-0214,Shri Debashis Rout,Account Officer,Works Department,workssec.od@nic.in,odisha.gov.in,Government,India,https://odisha.gov.in/en/about-us/whos-who/department,Official government directory
ID-0215,Er. Tara Pr. Mishra,C.E. DPI&Roads,Works Department,ceroads.owd@gov.in,odisha.gov.in,Government,India,https://odisha.gov.in/en/about-us/whos-who/department,Official government directory
ID-0216,Er. Rama Kr. Moharana,C.E. World Bank,Works Department,cewbp.owd@gov.in,odisha.gov.in,Government,India,https://odisha.gov.in/en/about-us/whos-who/department,Official government directory
ID-0217,Er. Goutam Pal,Addl. C.E Roads,Works Department,workssec.od@nic.in,odisha.gov.in,Government,India,https://odisha.gov.in/en/about-us/whos-who/department,Official government directory
ID-0218,Amiya Ranjan Nayak,Addl. C.E (P&I),Works Department,workssec.od@nic.in,odisha.gov.in,Government,India,https://odisha.gov.in/en/about-us/whos-who/department,Official government directory
ID-0219,Er. Pravat Das,Addl. C.E. Projects,Works Department,workssec.od@nic.in,odisha.gov.in,Government,India,https://odisha.gov.in/en/about-us/whos-who/department,Official government directory
ID-0220,Er. Lokanatha Mishra,Addl. C.E. NABARD,Works Department,workssec.od@nic.in,odisha.gov.in,Government,India,https://odisha.gov.in/en/about-us/whos-who/department,Official government directory
ID-0221,Er. Prafulla Naik,Addl. C.E Roads,Works Department,workssec.od@nic.in,odisha.gov.in,Government,India,https://odisha.gov.in/en/about-us/whos-who/department,Official government directory
ID-0222,Er. Subhransu Sekhar Swain,SE (Planning-I),Works Department,ssswain@pmuosrp.org,odisha.gov.in,Government,India,https://odisha.gov.in/en/about-us/whos-who/department,Official government directory
ID-0223,Er. Pravat Ku. Das,CCE - Phulbani Circle,Works Department,workssec.od@nic.in,odisha.gov.in,Government,India,https://odisha.gov.in/en/about-us/whos-who/department,Official government directory
ID-0224,Er. Sudhi Ranjan Mishra,E.E ISAP,Works Department,eepwdboudha.owd@gov.in,odisha.gov.in,Government,India,https://odisha.gov.in/en/about-us/whos-who/department,Official government directory
ID-0225,Er B.K. Lenka,EE Projects,Works Department,workssec.od@nic.in,odisha.gov.in,Government,India,https://odisha.gov.in/en/about-us/whos-who/department,Official government directory
ID-0226,Er. Niroj Kumar Dash,EE NABARD,Works Department,workssec.od@nic.in,odisha.gov.in,Government,India,https://odisha.gov.in/en/about-us/whos-who/department,Official government directory
ID-0227,Amit Prasana Kiro,EE PMU,Works Department,workssec.od@nic.in,odisha.gov.in,Government,India,https://odisha.gov.in/en/about-us/whos-who/department,Official government directory
ID-0228,Shri Dipak R. Das,Addl. Secy L.A.,Works Department,workssec.od@nic.in,odisha.gov.in,Government,India,https://odisha.gov.in/en/about-us/whos-who/department,Official government directory
ID-0229,Shri Mahadev Badhaik,DFO PMU,Works Department,workssec.od@nic.in,odisha.gov.in,Government,India,https://odisha.gov.in/en/about-us/whos-who/department,Official government directory
ID-0230,Sailabala Pradhan,FA PMU,Works Department,workssec.od@nic.in,odisha.gov.in,Government,India,https://odisha.gov.in/en/about-us/whos-who/department,Official government directory
ID-0231,Sunil Tiwari,Divisional Accounts Officer (Grade-I),Works Department,workssec.od@nic.in,odisha.gov.in,Government,India,https://odisha.gov.in/en/about-us/whos-who/department,Official government directory
ID-0232,Shri Jayadev Mishra,FMS PMU,Works Department,workssec.od@nic.in,odisha.gov.in,Government,India,https://odisha.gov.in/en/about-us/whos-who/department,Official government directory
ID-0233,Er. Gouranga Sahu,EIC-C.E. Buildings,Works Department,cebuildings.owd@gov.in,odisha.gov.in,Government,India,https://odisha.gov.in/en/about-us/whos-who/department,Official government directory
ID-0234,Er. Jibanananda Nayak,C.E. Buildings (OSD),Works Department,workssec.od@nic.in,odisha.gov.in,Government,India,https://odisha.gov.in/en/about-us/whos-who/department,Official government directory
ID-0235,Er. S.N. Acharya,ACE Buildings-II,Works Department,workssec.od@nic.in,odisha.gov.in,Government,India,https://odisha.gov.in/en/about-us/whos-who/department,Official government directory
ID-0236,Er. Ajit Ku. Ray,SE - Charbatia,Works Department,workssec.od@nic.in,odisha.gov.in,Government,India,https://odisha.gov.in/en/about-us/whos-who/department,Official government directory
ID-0237,Er. Akshaya Ku. Sahoo,ACE (Planning),Works Department,workssec.od@nic.in,odisha.gov.in,Government,India,https://odisha.gov.in/en/about-us/whos-who/department,Official government directory
ID-0238,Er. Bijay Kumar Nayak,S.E Building,Works Department,workssec.od@nic.in,odisha.gov.in,Government,India,https://odisha.gov.in/en/about-us/whos-who/department,Official government directory
ID-0239,Dr. Narayan Chandra Pal,E.I.C Designs,Works Department,cedesigns.owd@gov.in,odisha.gov.in,Government,India,https://odisha.gov.in/en/about-us/whos-who/department,Official government directory
ID-0240,Er. Rabi Sankar Pattnaik,CE (Designs-Building),Works Department,workssec.od@nic.in,odisha.gov.in,Government,India,https://odisha.gov.in/en/about-us/whos-who/department,Official government directory
ID-0241,Er. Narmada Behera,ACE (D. Bridge),Works Department,workssec.od@nic.in,odisha.gov.in,Government,India,https://odisha.gov.in/en/about-us/whos-who/department,Official government directory
ID-0242,Er. Pasant Tripathy,SE Designs II,Works Department,workssec.od@nic.in,odisha.gov.in,Government,India,https://odisha.gov.in/en/about-us/whos-who/department,Official government directory
ID-0243,Er. Mahendra Samal,SE Designs III,Works Department,workssec.od@nic.in,odisha.gov.in,Government,India,https://odisha.gov.in/en/about-us/whos-who/department,Official government directory
ID-0244,Er. Niranjan Padhi,S.E.(D&P),Works Department,workssec.od@nic.in,odisha.gov.in,Government,India,https://odisha.gov.in/en/about-us/whos-who/department,Official government directory
ID-0245,Er. Pradip Kumar Subudhi,A.C.E.,Works Department,workssec.od@nic.in,odisha.gov.in,Government,India,https://odisha.gov.in/en/about-us/whos-who/department,Official government directory
ID-0246,Er. Chandrama Bhusan Dash,E.E. (D&P)-I,Works Department,workssec.od@nic.in,odisha.gov.in,Government,India,https://odisha.gov.in/en/about-us/whos-who/department,Official government directory
ID-0247,Er. Chitta Ranjan Behera,E.E. (D&P)-II,Works Department,workssec.od@nic.in,odisha.gov.in,Government,India,https://odisha.gov.in/en/about-us/whos-who/department,Official government directory
ID-0248,Miss Usharani Behera,E.O.(I/C),Works Department,workssec.od@nic.in,odisha.gov.in,Government,India,https://odisha.gov.in/en/about-us/whos-who/department,Official government directory
ID-0249,Sri Devi Prasad Mishra,D.A.O.,Works Department,workssec.od@nic.in,odisha.gov.in,Government,India,https://odisha.gov.in/en/about-us/whos-who/department,Official government directory
ID-0250,Er. Binod Bihari Das,"E.E.(N.H. Division, Sambalpur)",Works Department,eenhsbp.od@gov.in,odisha.gov.in,Government,India,https://odisha.gov.in/en/about-us/whos-who/department,Official government directory
ID-0251,Er. Satyaban Patel,SE - Jharsuguda,Works Department,eenhjsg@gmail.com,odisha.gov.in,Government,India,https://odisha.gov.in/en/about-us/whos-who/department,Official government directory
ID-0252,"Er. Archana Das Pattanaik, IAS",Additional Secretary,Department of Excise,archana.dp@gov.in,odisha.gov.in,Government,India,https://odisha.gov.in/en/about-us/whos-who/department,Official government directory
ID-0253,"Shri Niti Ranjan Sen, OAS(SAG)",Additional Secretary,Labour and Employee's State Insurance Department,labsec.od@nic.in,odisha.gov.in,Government,India,https://odisha.gov.in/en/about-us/whos-who/department,Official government directory
ID-0254,Kailash Chandra Nayak,Special Secretary to Government,Department of Health & Family Welfare,orhealth@nic.in,odisha.gov.in,Government,India,https://odisha.gov.in/en/about-us/whos-who/department,Official government directory
ID-0255,Dr Usharani Sahoo,Special Secretary,Department of Health & Family Welfare,orhealth@nic.in,odisha.gov.in,Government,India,https://odisha.gov.in/en/about-us/whos-who/department,Official government directory
ID-0256,"Dr. Arun Kumar Sahoo, O.S.J.S",2nd A.L.R-cum-Additional Secretary,Law Department,lawsec.or@nic.in,odisha.gov.in,Government,India,https://odisha.gov.in/en/about-us/whos-who/department,Official government directory
ID-0257,Shri Narayan Chandra Nayak,Joint Secretary,"Micro, Small & Medium Enterprise Department",secy-msme.od@od.gov.in,odisha.gov.in,Government,India,https://odisha.gov.in/en/about-us/whos-who/department,Official government directory
ID-0258,"Smt Mamata Nayak, OAS",Joint Secretary,"Handlooms, Textiles & Handicrafts Department",hthdepartment@gmail.com,odisha.gov.in,Government,India,https://odisha.gov.in/en/about-us/whos-who/department,Official government directory
ID-0259,"Shri Bijay Kumar Prusty, IAS",Director of Estate & Ex-officio Addl. Secretary,Department of General Administration & Public Grievance,gadmin.or@nic.in,odisha.gov.in,Government,India,https://odisha.gov.in/en/about-us/whos-who/department,Official government directory
ID-0260,"Sri Rudra Narayan Dash, OAS",Additional Secretary,Department of Tourism,tourismsec.od@nic.in,odisha.gov.in,Government,India,https://odisha.gov.in/en/about-us/whos-who/department,Official government directory
ID-0261,Smt. Usharani Das,Special Secretary,Department of Co-operation,usharani.das@odisha.gov.in,odisha.gov.in,Government,India,https://odisha.gov.in/en/about-us/whos-who/department,Official government directory
ID-0262,"Shri Girish Chandra Singh, IAS",Additional Secretary,Department of School and Mass Education,Secretarysme.od@nic.in,odisha.gov.in,Government,India,https://odisha.gov.in/en/about-us/whos-who/department,Official government directory
ID-0263,Sri Surendra Kumar Sahoo,FA-cum-Additional Secretary to Govt,Department of Co-operation,coopsec.or@nic.in,odisha.gov.in,Government,India,https://odisha.gov.in/en/about-us/whos-who/department,Official government directory
ID-0264,Puneet Chandok,"President, Microsoft India & South Asia",Microsoft India,puneet.chandok@microsoft.com,microsoft.com,Company/Executive,India,https://news.microsoft.com/en-in/microsoft-india-leadership/,Official Company Website
ID-0265,Rajiv Kumar,"Managing Director & President, Microsoft India Development Center",Microsoft India,rajiv.kumar@microsoft.com,microsoft.com,Company/Executive,India,https://news.microsoft.com/en-in/microsoft-india-leadership/,Official Company Website
ID-0266,Himani Agrawal,"Chief Operating Officer, Microsoft India & South Asia",Microsoft India,himani.agrawal@microsoft.com,microsoft.com,Company/Executive,India,https://news.microsoft.com/en-in/microsoft-india-leadership/,Official Company Website
ID-0267,Aruna Singh,"Chief Financial Officer, Microsoft India & South Asia",Microsoft India,aruna.singh@microsoft.com,microsoft.com,Company/Executive,India,https://news.microsoft.com/en-in/microsoft-india-leadership/,Official Company Website
ID-0268,Dahnesh Dilkhush,"Chief Technology Officer, Microsoft India & South Asia",Microsoft India,dahnesh.dilkhush@microsoft.com,microsoft.com,Company/Executive,India,https://news.microsoft.com/en-in/microsoft-india-leadership/,Official Company Website
ID-0269,Aparna Kondaboina,"Head of HR, MCAPS India & South Asia",Microsoft India,aparna.kondaboina@microsoft.com,microsoft.com,Company/Executive,India,https://news.microsoft.com/en-in/microsoft-india-leadership/,Official Company Website
ID-0270,Preeti Lobana,Country Manager & Vice President,Google India,preeti.lobana@google.com,google.com,Company/Executive,India,https://about.google/intl/en_in/google-in-india/leaders/,Official Company Website
ID-0271,Roma Datta Chobey,"Managing Director, Digital Native Industries",Google India,roma.chobey@google.com,google.com,Company/Executive,India,https://about.google/intl/en_in/google-in-india/leaders/,Official Company Website
ID-0272,Sashikumar Sreedharan,Managing Director,Google Cloud India,sashikumar.sreedharan@google.com,google.com,Company/Executive,India,https://about.google/intl/en_in/google-in-india/leaders/,Official Company Website
ID-0273,Samir Kumar,Country Manager,Amazon India,samir.kumar@amazon.in,amazon.in,Company/Executive,India,https://www.aboutamazon.in/news/company-news,Official Company Website
ID-0274,Amit Agarwal,"Senior Vice President, Emerging Markets",Amazon,amit.agarwal@amazon.in,amazon.in,Company/Executive,India,https://www.aboutamazon.in/news/company-news,Official Company Website
ID-0275,Sandeep Dutta,"President, India & South Asia",Amazon Web Services India,sandeep.dutta@aws.amazon.com,aws.amazon.com,Company/Executive,India,https://www.aboutamazon.in/news/company-news,Official Company Website
ID-0276,Saurabh Srivastava,"VP, Category Leadership",Amazon India,saurabh.srivastava@amazon.in,amazon.in,Company/Executive,India,https://www.aboutamazon.in/news/company-news,Official Company Website
ID-0277,Roshni Nadar Malhotra,Chairperson,HCLTech,roshni.malhotra@hcltech.com,hcltech.com,Company/Executive,India,https://www.hcltech.com/leadership,Official Company Website
ID-0278,C. Vijayakumar,CEO & Managing Director,HCLTech,vijayakumar@hcltech.com,hcltech.com,Company/Executive,India,https://www.hcltech.com/leadership,Official Company Website
ID-0279,Shiv Walia,Chief Financial Officer,HCLTech,shiv.walia@hcltech.com,hcltech.com,Company/Executive,India,https://www.hcltech.com/leadership,Official Company Website
ID-0280,Jagadeshwar Gattu,"President, Digital Foundation Services",HCLTech,jagadeshwar.gattu@hcltech.com,hcltech.com,Company/Executive,India,https://www.hcltech.com/leadership,Official Company Website
ID-0281,Vijay Guntur,Chief Technology Officer,HCLTech,vijay.guntur@hcltech.com,hcltech.com,Company/Executive,India,https://www.hcltech.com/leadership,Official Company Website
ID-0282,Ramachandran Sundararajan,Chief People Officer,HCLTech,ramachandran.sundararajan@hcltech.com,hcltech.com,Company/Executive,India,https://www.hcltech.com/leadership,Official Company Website
ID-0283,Mohit Joshi,CEO & Managing Director,Tech Mahindra,mohit.joshi@techmahindra.com,techmahindra.com,Company/Executive,India,https://www.techmahindra.com/en-in/leadership/,Official Company Website
ID-0284,Atul Soneja,Chief Operating Officer,Tech Mahindra,atul.soneja@techmahindra.com,techmahindra.com,Company/Executive,India,https://www.techmahindra.com/en-in/leadership/,Official Company Website
ID-0285,Rohit Anand,Chief Financial Officer,Tech Mahindra,rohit.anand@techmahindra.com,techmahindra.com,Company/Executive,India,https://www.techmahindra.com/en-in/leadership/,Official Company Website
ID-0286,Richard Lobo,Chief People Officer,Tech Mahindra,richard.lobo@techmahindra.com,techmahindra.com,Company/Executive,India,https://www.techmahindra.com/en-in/leadership/,Official Company Website
ID-0287,Sahil Dhawan,"President & Head, India, Middle East & Africa Business",Tech Mahindra,sahil.dhawan@techmahindra.com,techmahindra.com,Company/Executive,India,https://www.techmahindra.com/en-in/leadership/,Official Company Website
ID-0288,Ravi Kumar S,Chief Executive Officer,Cognizant,ravi.s@cognizant.com,cognizant.com,Company/Executive,India,https://www.cognizant.com/us/en/about-cognizant/leadership,Official Company Website
ID-0289,Jatin Dalal,Chief Financial Officer,Cognizant,jatin.dalal@cognizant.com,cognizant.com,Company/Executive,India,https://www.cognizant.com/us/en/about-cognizant/leadership,Official Company Website
ID-0290,Rajesh Varrier,President & Managing Director,Cognizant India,rajesh.varrier@cognizant.com,cognizant.com,Company/Executive,India,https://www.cognizant.com/us/en/about-cognizant/leadership,Official Company Website
ID-0291,Sanjay Chalke,CEO,Capgemini India,sanjay.chalke@capgemini.com,capgemini.com,Company/Executive,India,https://www.capgemini.com/in-en/about-us/who-we-are/our-leadership/,Official Company Website
ID-0292,Ashwin Yardi,Non-Executive Chairman,Capgemini India,ashwin.yardi@capgemini.com,capgemini.com,Company/Executive,India,https://www.capgemini.com/in-en/about-us/who-we-are/our-leadership/,Official Company Website
ID-0293,Ajay Vij,Country Managing Director,Accenture India,ajay.vij@accenture.com,accenture.com,Company/Executive,India,https://www.accenture.com/in-en/about/leadership-index,Official Company Website
ID-0294,Aditi Kulkarni,"Lead, Advanced Technology Centers in India",Accenture India,aditi.kulkarni@accenture.com,accenture.com,Company/Executive,India,https://www.accenture.com/in-en/about/leadership-index,Official Company Website
ID-0295,Romal Shetty,"CEO, South Asia",Deloitte India,romal.shetty@deloitte.com,deloitte.com,Company/Executive,India,https://www2.deloitte.com/in/en/pages/about-deloitte/articles/our-leadership.html,Official Company Website
ID-0296,Shailender Kumar,Senior Vice President & Regional Managing Director,Oracle India,shailender.kumar@oracle.com,oracle.com,Company/Executive,India,https://www.oracle.com/in/corporate/executives/,Official Company Website
ID-0297,Manish Prasad,"President & Managing Director, Indian Subcontinent",SAP India,manish.prasad@sap.com,sap.com,Company/Executive,India,https://www.sap.com/india/about/company/leadership.html,Official Company Website
ID-0298,Priya Nair,CEO & Managing Director,Hindustan Unilever Limited,priya.nair@hul.co.in,hul.co.in,Company/Executive,India,https://www.hul.co.in/our-company/our-leadership/,Official Company Website
ID-0299,Sanjiv Puri,Chairman & Managing Director,ITC Limited,sanjiv.puri@itcportal.com,itcportal.com,Company/Executive,India,https://www.itcportal.com/about-itc/leadership/board-of-directors.aspx,Official Company Website
ID-0300,Manish Tiwary,Chairman & Managing Director,Nestle India,manish.tiwary@nestle.in,nestle.in,Company/Executive,India,https://www.nestle.in/aboutus/management,Official Company Website
ID-0301,Jagrut Kotecha,"CEO, India & South Asia",PepsiCo India,jagrut.kotecha@pepsicoindia.co.in,pepsicoindia.co.in,Company/Executive,India,https://www.pepsico.com/our-stories/press-release/pepsico-names-jagrut-kotecha-ceo,Official Company Website
ID-0302,Sanket Ray,"President, India & Southwest Asia",Coca-Cola India,sanket.ray@coca-cola.com,coca-cola.com,Company/Executive,India,https://www.coca-cola.com/in/en/about-us/leadership,Official Company Website
ID-0303,Sunil Bharti Mittal,Founder & Chairman,Bharti Airtel,sunil.mittal@airtel.in,airtel.in,Company/Executive,India,https://www.airtel.in/about-bharti/leadership,Official Company Website
ID-0304,Gopal Vittal,Executive Vice Chairman,Bharti Airtel,gopal.vittal@airtel.in,airtel.in,Company/Executive,India,https://www.airtel.in/about-bharti/leadership,Official Company Website
ID-0305,Shashwat Sharma,Managing Director & CEO,Airtel India,shashwat.sharma@airtel.in,airtel.in,Company/Executive,India,https://www.airtel.in/about-bharti/leadership,Official Company Website
ID-0306,Soumen Ray,Group Chief Financial Officer,Bharti Airtel,soumen.ray@airtel.in,airtel.in,Company/Executive,India,https://www.airtel.in/about-bharti/leadership,Official Company Website
ID-0307,Akash Ambani,Chairman,Reliance Jio Infocomm,akash.ambani@jio.com,jio.com,Company/Executive,India,https://www.jio.com/en-in/about-us,Official Company Website
ID-0308,Pankaj Mohan Pawar,CEO,Jio Platforms,pankaj.pawar@jio.com,jio.com,Company/Executive,India,https://www.jio.com/en-in/about-us,Official Company Website
ID-0309,Shailesh Chandra,CEO & Managing Director,Tata Motors,shailesh.chandra@tatamotors.com,tatamotors.com,Company/Executive,India,https://www.tatamotors.com/about-us/leadership/,Official Company Website
ID-0310,Girish Wagh,CEO & Managing Director,TML Commercial Vehicles,girish.wagh@tatamotors.com,tatamotors.com,Company/Executive,India,https://www.tatamotors.com/about-us/leadership/,Official Company Website
ID-0311,Dhiman Gupta,Chief Financial Officer,Tata Motors,dhiman.gupta@tatamotors.com,tatamotors.com,Company/Executive,India,https://www.tatamotors.com/about-us/leadership/,Official Company Website
ID-0312,Hisashi Takeuchi,CEO & Managing Director,Maruti Suzuki India,hisashi.takeuchi@marutisuzuki.com,marutisuzuki.com,Company/Executive,India,https://www.marutisuzuki.com/corporate/about-us/management,Official Company Website
ID-0313,R.C. Bhargava,Chairman,Maruti Suzuki India,bhargava@marutisuzuki.com,marutisuzuki.com,Company/Executive,India,https://www.marutisuzuki.com/corporate/about-us/management,Official Company Website
ID-0314,Arnab Roy,Chief Financial Officer,Maruti Suzuki India,arnab.roy@marutisuzuki.com,marutisuzuki.com,Company/Executive,India,https://www.marutisuzuki.com/corporate/about-us/management,Official Company Website
ID-0315,Guruprasad Mudlapur,Managing Director & President,Bosch Group India,guruprasad.mudlapur@bosch.in,bosch.in,Company/Executive,India,https://www.bosch.in/our-company/our-figures/board-of-management/,Official Company Website
ID-0316,Sunil Mathur,CEO & Managing Director,Siemens India,sunil.mathur@siemens.com,siemens.com,Company/Executive,India,https://www.siemens.com/in/en/company/about/management.html,Official Company Website
ID-0317,S. N. Subrahmanyan,Chairman & Managing Director,Larsen & Toubro,subrahmanyan@larsentoubro.com,larsentoubro.com,Company/Executive,India,https://www.larsentoubro.com/corporate/about-lt/board-of-directors/,Official Company Website
ID-0318,Subramanian Sarma,Deputy Managing Director & President,Larsen & Toubro,subramanian.sarma@larsentoubro.com,larsentoubro.com,Company/Executive,India,https://www.larsentoubro.com/corporate/about-lt/board-of-directors/,Official Company Website
ID-0319,P. Ramakrishnan,Chief Financial Officer,Larsen & Toubro,ramakrishnan@larsentoubro.com,larsentoubro.com,Company/Executive,India,https://www.larsentoubro.com/corporate/about-lt/board-of-directors/,Official Company Website
ID-0320,Mukesh D. Ambani,Chairman & Managing Director,Reliance Industries,mukesh.ambani@ril.com,ril.com,Company/Executive,India,https://www.ril.com/our-portfolio/board-of-directors,Official Company Website
ID-0321,Srikanth Venkatachari,Chief Financial Officer,Reliance Industries,srikanth.venkatachari@ril.com,ril.com,Company/Executive,India,https://www.ril.com/our-portfolio/board-of-directors,Official Company Website
ID-0322,T. V. Narendran,CEO & Managing Director,Tata Steel,narendran@tatasteel.com,tatasteel.com,Company/Executive,India,https://www.tatasteel.com/about-us/leadership/,Official Company Website
ID-0323,Koushik Chatterjee,Executive Director & CFO,Tata Steel,koushik.chatterjee@tatasteel.com,tatasteel.com,Company/Executive,India,https://www.tatasteel.com/about-us/leadership/,Official Company Website
ID-0324,Parvatheesam Kanchinadham,Company Secretary & Chief Legal Officer,Tata Steel,parvatheesam.kanchinadham@tatasteel.com,tatasteel.com,Company/Executive,India,https://www.tatasteel.com/about-us/leadership/,Official Company Website
ID-0325,Daisy Chittilapilly,"President, India & SAARC",Cisco India,daisy.chittilapilly@cisco.com,cisco.com,Company/Executive,India,https://www.cisco.com/c/en_in/about/leadership.html,Official Company Website
ID-0326,Gokul Subramaniam,President,Intel India,gokul.subramaniam@intel.in,intel.in,Company/Executive,India,https://www.intel.in/content/www/in/en/company-overview/company-overview.html,Official Company Website
ID-0327,Anil Chakravarthy,President & CEO-Designate,Adobe,anil.chakravarthy@adobe.com,adobe.com,Company/Executive,India,https://www.adobe.com/about-adobe/executive-team.html,Official Company Website
ID-0328,Gautam Aggarwal,"Division President, South Asia",Mastercard India,gautam.aggarwal@mastercard.com,mastercard.com,Company/Executive,India,https://www.mastercard.com/news/ap/en/newsroom/press-releases/,Official Company Website
ID-0329,Suresh Sethi,"Group Country Manager, India & South Asia",Visa India,suresh.sethi@visa.com,visa.com,Company/Executive,India,https://www.visa.co.in/about-visa/newsroom.html,Official Company Website
ID-0330,Dilip Shanghvi,Executive Chairman,Sun Pharmaceutical Industries,dilip.shanghvi@sunpharma.com,sunpharma.com,Company/Executive,India,https://www.sunpharma.com/leadership,Official Company Website
ID-0331,Kirti Ganorkar,Managing Director,Sun Pharmaceutical Industries,kirti.ganorkar@sunpharma.com,sunpharma.com,Company/Executive,India,https://www.sunpharma.com/leadership,Official Company Website
ID-0332,G.V. Prasad,Co-Chairman & Managing Director,Dr. Reddy's Laboratories,prasad@drreddys.com,drreddys.com,Company/Executive,India,https://www.drreddys.com/our-company/leadership,Official Company Website
ID-0333,Erez Israeli,Chief Executive Officer,Dr. Reddy's Laboratories,erez.israeli@drreddys.com,drreddys.com,Company/Executive,India,https://www.drreddys.com/our-company/leadership,Official Company Website
ID-0334,Achin Gupta,Managing Director & Global CEO,Cipla,achin.gupta@cipla.com,cipla.com,Company/Executive,India,https://www.cipla.com/about-cipla/leadership,Official Company Website
ID-0335,Nilesh D. Gupta,Managing Director,Lupin,nilesh.gupta@lupin.com,lupin.com,Company/Executive,India,https://www.lupin.com/leadership/,Official Company Website
ID-0336,Vinita Gupta,CEO,Lupin,vinita.gupta@lupin.com,lupin.com,Company/Executive,India,https://www.lupin.com/leadership/,Official Company Website
ID-0337,Kiran Mazumdar-Shaw,Executive Chairperson,Biocon,kiran.mazumdar-shaw@biocon.com,biocon.com,Company/Executive,India,https://www.biocon.com/about-us/leadership/,Official Company Website
ID-0338,Shreehas Tambe,CEO & Managing Director,Biocon,shreehas.tambe@biocon.com,biocon.com,Company/Executive,India,https://www.biocon.com/about-us/leadership/,Official Company Website
ID-0339,Kalyan Krishnamurthy,CEO,Flipkart,kalyan.krishnamurthy@flipkart.com,flipkart.com,Company/Executive,India,https://www.flipkart.com/about-us,Official Company Website
ID-0340,Vijay Shekhar Sharma,"Chairman, Managing Director & CEO",Paytm (One97 Communications),vijay.sharma@paytm.com,paytm.com,Company/Executive,India,https://paytm.com/about-us/leadership,Official Company Website
ID-0341,Albinder Dhindsa,CEO,Zomato,albinder.dhindsa@zomato.com,zomato.com,Company/Executive,India,https://www.zomato.com/about,Official Company Website
ID-0342,Sriharsha Majety,Managing Director & Group CEO,Swiggy,sriharsha.majety@swiggy.com,swiggy.com,Company/Executive,India,https://www.swiggy.com/about-us,Official Company Website
ID-0343,Sameer Nigam,Founder & CEO,PhonePe,sameer.nigam@phonepe.com,phonepe.com,Company/Executive,India,https://www.phonepe.com/about-us/,Official Company Website
ID-0344,Deepak Sharma,Managing Director & President,Schneider Electric India,deepak.sharma@se.com,se.com,Company/Executive,India,https://www.se.com/in/en/about-us/company-profile/leadership.jsp,Official Company Website
ID-0345,Sanjeev Sharma,Managing Director & Country Head,ABB India,sanjeev.sharma@abb.com,abb.com,Company/Executive,India,https://new.abb.com/in/about/management,Official Company Website
ID-0346,Ashish Gaikwad,President,Honeywell India,ashish.gaikwad@honeywell.com,honeywell.com,Company/Executive,India,https://www.honeywell.com/us/en/company/about-us,Official Company Website
ID-0347,Debashis Chatterjee,CEO & Managing Director,LTIMindtree,debashis.chatterjee@ltimindtree.com,ltimindtree.com,Company/Executive,India,https://www.ltimindtree.com/about-us/leadership/,Official Company Website
ID-0348,Nitin Rakesh,CEO & Managing Director,Mphasis,nitin.rakesh@mphasis.com,mphasis.com,Company/Executive,India,https://www.mphasis.com/home/leadership.html,Official Company Website
ID-0349,Sandeep Kalra,CEO & Executive Director,Persistent Systems,sandeep.kalra@persistent.com,persistent.com,Company/Executive,India,https://www.persistent.com/about-us/leadership/,Official Company Website
ID-0350,Sudhir Singh,CEO & Executive Director,Coforge,sudhir.singh@coforge.com,coforge.com,Company/Executive,India,https://www.coforge.com/about-us/leadership,Official Company Website
ID-0351,Pirojsha Godrej,Executive Chairperson,Godrej Industries Group,pirojsha.godrej@godrejindustries.com,godrejindustries.com,Company/Executive,India,https://www.godrejindustries.com/aboutus/board-of-directors,Official Company Website
ID-0352,Rajiv Bajaj,Managing Director,Bajaj Auto,rajiv.bajaj@bajajauto.com,bajajauto.com,Company/Executive,India,https://www.bajajauto.com/about-bajaj/board-of-directors,Official Company Website
ID-0353,Pawan Munjal,Executive Chairman,Hero MotoCorp,pawan.munjal@heromotocorp.com,heromotocorp.com,Company/Executive,India,https://www.heromotocorp.com/en-in/about-us/leadership.html,Official Company Website
ID-0354,Gautam Adani,Chairman,Adani Group,gautam.adani@adani.com,adani.com,Company/Executive,India,https://www.adani.com/about-us/leadership,Official Company Website
ID-0355,Rajesh Adani,Managing Director,Adani Group,rajesh.adani@adani.com,adani.com,Company/Executive,India,https://www.adani.com/about-us/leadership,Official Company Website
ID-0356,Sajjan Jindal,Chairman & Managing Director,JSW Steel,sajjan.jindal@jsw.in,jsw.in,Company/Executive,India,https://www.jsw.in/steel/leadership,Official Company Website
ID-0357,Arun Misra,CEO,Vedanta Limited,arun.misra@vedantalimited.com,vedantalimited.com,Company/Executive,India,https://www.vedantalimited.com/about-us/leadership,Official Company Website
ID-0358,Vibha Padalkar,Managing Director & CEO,HDFC Life Insurance,vibha.padalkar@hdfclife.com,hdfclife.com,Company/Executive,India,https://www.hdfclife.com/about-us/leadership,Official Company Website
ID-0359,Rajeev Jain,Managing Director,Bajaj Finance,rajeev.jain@bajajfinserv.in,bajajfinserv.in,Company/Executive,India,https://www.bajajfinserv.in/about-us,Official Company Website
ID-0360,C.K. Venkataraman,Managing Director,Titan Company,venkataraman@titancompany.in,titancompany.in,Company/Executive,India,https://www.titancompany.in/about-us/leadership,Official Company Website
ID-0361,Murali K. Divi,Chairman & Managing Director,Divi's Laboratories,murali.divi@divislabs.com,divislabs.com,Company/Executive,India,https://www.divislabs.com/about-us/board-of-directors/,Official Company Website
ID-0362,Anil Rai Gupta,Chairman & Managing Director,Havells India,anil.gupta@havells.com,havells.com,Company/Executive,India,https://www.havells.com/en/about-havells/board-of-directors.html,Official Company Website
ID-0363,Bharat Puri,Managing Director,Pidilite Industries,bharat.puri@pidilite.com,pidilite.com,Company/Executive,India,https://www.pidilite.com/about-us/leadership,Official Company Website
ID-0364,Mohit Malhotra,CEO,Dabur India,mohit.malhotra@dabur.com,dabur.com,Company/Executive,India,https://www.dabur.com/in/en-us/about/leadership,Official Company Website
ID-0365,Saugata Gupta,Managing Director & CEO,Marico Limited,saugata.gupta@marico.com,marico.com,Company/Executive,India,https://marico.com/india/about-marico/our-leadership,Official Company Website
ID-0366,Sudhir Sitapati,Managing Director & CEO,Godrej Consumer Products,sudhir.sitapati@godrejcp.com,godrejcp.com,Company/Executive,India,https://www.godrejcp.com/about/leadership,Official Company Website
ID-0367,L.V. Vaidyanathan,"CEO, Indian Subcontinent",Procter & Gamble India,vaidyanathan@pg.com,pg.com,Company/Executive,India,https://www.pg.com/en-in/leadership/,Official Company Website
ID-0368,Prabha Narasimhan,Managing Director & CEO,Colgate-Palmolive India,prabha.narasimhan@colgatepalmolive.co.in,colgatepalmolive.co.in,Company/Executive,India,https://www.colgatepalmolive.co.in/who-we-are/leadership,Official Company Website
ID-0369,JB Park,"President & CEO, Southwest Asia",Samsung India,jb.park@samsung.com,samsung.com,Company/Executive,India,https://www.samsung.com/in/about-us/,Official Company Website
ID-0370,Sunil Nayyar,Managing Director,Sony India,sunil.nayyar@sony.co.in,sony.co.in,Company/Executive,India,https://www.sony.co.in/corporate/about-us,Official Company Website
ID-0371,Hong Ju Jeon,Managing Director,LG Electronics India,hong.jeon@lg.com,lg.com,Company/Executive,India,https://www.lg.com/in/about-lg/,Official Company Website
ID-0372,Aongus Hegarty,"President, International Markets",Dell Technologies India,aongus.hegarty@dell.com,dell.com,Company/Executive,India,https://www.dell.com/en-in/lp/dt-leadership,Official Company Website
ID-0373,Ipsita Dasgupta,Senior Vice President & Managing Director,HP India,ipsita.dasgupta@hp.com,hp.com,Company/Executive,India,https://www.hp.com/in-en/home.html,Official Company Website
ID-0374,Sandip Patel,Managing Director,IBM India,sandip.patel@ibm.com,ibm.com,Company/Executive,India,https://www.ibm.com/in-en,Official Company Website
ID-0375,Arundhati Bhattacharya,CEO & Chairperson,Salesforce India,arundhati.bhattacharya@salesforce.com,salesforce.com,Company/Executive,India,https://www.salesforce.com/in/company/leadership/,Official Company Website
ID-0376,Avanish Sahai,"Chairman, India Board",ServiceNow India,avanish.sahai@servicenow.com,servicenow.com,Company/Executive,India,https://www.servicenow.com/company/leadership.html,Official Company Website
ID-0377,Prabhjeet Singh,"President, India & South Asia",Uber India,prabhjeet.singh@uber.com,uber.com,Company/Executive,India,https://www.uber.com/en-IN/newsroom/,Official Company Website
ID-0378,Bhavish Aggarwal,Founder & Chairman,Ola Electric,bhavish.aggarwal@olaelectric.com,olaelectric.com,Company/Executive,India,https://www.olaelectric.com/about-us,Official Company Website
ID-0379,Arjun Mohan,CEO,BYJU'S,arjun.mohan@byjus.com,byjus.com,Company/Executive,India,https://byjus.com/about-us/,Official Company Website
ID-0380,Falguni Nayar,"Executive Chairperson, Managing Director & CEO",Nykaa (FSN E-Commerce),falguni.nayar@nykaa.com,nykaa.com,Company/Executive,India,https://www.nykaa.com/about-us,Official Company Website
ID-0381,Nithin Kamath,Founder & CEO,Zerodha,nithin.kamath@zerodha.com,zerodha.com,Company/Executive,India,https://zerodha.com/about/,Official Company Website
ID-0382,Harshil Mathur,CEO & Co-Founder,Razorpay,harshil.mathur@razorpay.com,razorpay.com,Company/Executive,India,https://razorpay.com/about/,Official Company Website
ID-0383,Kunal Shah,Founder & CEO,CRED,kunal.shah@cred.club,cred.club,Company/Executive,India,https://cred.club/about,Official Company Website
ID-0384,Vidit Aatrey,Founder & CEO,Meesho,vidit.aatrey@meesho.com,meesho.com,Company/Executive,India,https://meesho.com/about-us,Official Company Website
ID-0385,Dennis Woodside,CEO,Freshworks,dennis.woodside@freshworks.com,freshworks.com,Company/Executive,India,https://www.freshworks.com/company/leadership/,Official Company Website
ID-0386,Sridhar Vembu,Founder & CEO,Zoho Corporation,sridhar.vembu@zoho.com,zoho.com,Company/Executive,India,https://www.zoho.com/aboutus.html,Official Company Website
ID-0387,Anantha Radhakrishnan,CEO & Managing Director,Infosys BPM,anantha.radhakrishnan@infosysbpm.com,infosysbpm.com,Company/Executive,India,https://www.infosysbpm.com/about/leadership.html,Official Company Website
ID-0388,Kishor Patil,"Co-Founder, CEO & Managing Director",KPIT Technologies,kishor.patil@kpit.com,kpit.com,Company/Executive,India,https://www.kpit.com/about-us/leadership/,Official Company Website
ID-0389,Manish Tandon,CEO & Managing Director,Zensar Technologies,manish.tandon@zensar.com,zensar.com,Company/Executive,India,https://www.zensar.com/about-us/leadership,Official Company Website
ID-0390,Krishna Bodanapu,Executive Chairman,Cyient,krishna.bodanapu@cyient.com,cyient.com,Company/Executive,India,https://www.cyient.com/about-us/leadership,Official Company Website
ID-0391,Angan Guha,CEO & Managing Director,Birlasoft,angan.guha@birlasoft.com,birlasoft.com,Company/Executive,India,https://www.birlasoft.com/company/leadership,Official Company Website
ID-0392,Manish Mehta,CEO & Executive Director,Hexaware Technologies,manish.mehta@hexaware.com,hexaware.com,Company/Executive,India,https://hexaware.com/about-us/leadership/,Official Company Website
ID-0393,Anup Bagchi,Managing Director & CEO,ICICI Prudential Life Insurance,anup.bagchi@iciciprulife.com,iciciprulife.com,Company/Executive,India,https://www.iciciprulife.com/about-us/management.html,Official Company Website
ID-0394,Amit Jhingran,Managing Director & CEO,SBI Life Insurance,amit.jhingran@sbilife.co.in,sbilife.co.in,Company/Executive,India,https://www.sbilife.co.in/en/about-us/leadership,Official Company Website
ID-0395,Prashant Tripathy,Managing Director & CEO,Max Life Insurance,prashant.tripathy@maxlifeinsurance.com,maxlifeinsurance.com,Company/Executive,India,https://www.maxlifeinsurance.com/about-us/leadership,Official Company Website
ID-0396,Sharad Mahendra,Joint Managing Director & CEO,JSW Energy,sharad.mahendra@jsw.in,jsw.in,Company/Executive,India,https://www.jsw.in/energy/leadership,Official Company Website
ID-0397,Sudarshan Venu,Managing Director,TVS Motor Company,sudarshan.venu@tvsmotor.com,tvsmotor.com,Company/Executive,India,https://www.tvsmotor.com/about-us/board-of-directors,Official Company Website
ID-0398,K.C. Jhanwar,Managing Director,UltraTech Cement,jhanwar@ultratechcement.com,ultratechcement.com,Company/Executive,India,https://www.ultratechcement.com/about-us/leadership,Official Company Website
ID-0399,H.M. Bangur,Managing Director,Grasim Industries,bangur@grasim.com,grasim.com,Company/Executive,India,https://www.grasim.com/about-us/leadership,Official Company Website
ID-0400,Aman Mehta,Executive Director,Torrent Pharmaceuticals,aman.mehta@torrentpharma.com,torrentpharma.com,Company/Executive,India,https://www.torrentpharma.com/about-us/leadership,Official Company Website
ID-0401,Suneeta Reddy,Managing Director,Apollo Hospitals,suneeta.reddy@apollohospitals.com,apollohospitals.com,Company/Executive,India,https://www.apollohospitals.com/about-us/leadership/,Official Company Website
ID-0402,Om Prakash Manchanda,Managing Director & CEO,Dr. Lal PathLabs,om.manchanda@lalpathlabs.com,lalpathlabs.com,Company/Executive,India,https://www.lalpathlabs.com/about-us/leadership,Official Company Website
ID-0403,Abhay Soi,Chairman & Managing Director,Max Healthcare,abhay.soi@maxhealthcare.in,maxhealthcare.in,Company/Executive,India,https://www.maxhealthcare.in/about-us/leadership,Official Company Website
ID-0404,Sahil Barua,Managing Director & CEO,Delhivery,sahil.barua@delhivery.com,delhivery.com,Company/Executive,India,https://www.delhivery.com/about-us/,Official Company Website
ID-0405,Yashish Dahiya,Chairman & CEO,PB Fintech (PolicyBazaar),yashish.dahiya@policybazaar.com,policybazaar.com,Company/Executive,India,https://www.policybazaar.com/about-us/,Official Company Website
ID-0406,N. Chandrasekaran,Chairman,Tata Sons,chandrasekaran@tata.com,tata.com,Company/Executive,India,https://www.tata.com/about/leadership,Official Company Website
ID-0407,Noel Tata,Chairman,Tata Trusts,noel.tata@tata.com,tata.com,Company/Executive,India,https://www.tata.com/about/leadership,Official Company Website
ID-0408,Kumar Mangalam Birla,Chairman,Aditya Birla Group,kumar.birla@adityabirla.com,adityabirla.com,Company/Executive,India,https://www.adityabirla.com/about-us/leadership,Official Company Website
ID-0409,Harsh Mariwala,Founder & Chairman,Marico Limited,harsh.mariwala@marico.com,marico.com,Company/Executive,India,https://marico.com/india/about-marico/our-leadership,Official Company Website
ID-0410,Uday Kotak,Founder,Kotak Mahindra Group,uday.kotak@kotak.com,kotak.com,Company/Executive,India,https://www.kotak.com/en/about-us/leadership.html,Official Company Website
ID-0411,Nadir Godrej,Chairman & Managing Director,Godrej Industries,nadir.godrej@godrejindustries.com,godrejindustries.com,Company/Executive,India,https://www.godrejindustries.com/aboutus/board-of-directors,Official Company Website
ID-0412,Ritesh Agarwal,Founder & Group CEO,OYO Rooms,ritesh.agarwal@oyorooms.com,oyorooms.com,Company/Executive,India,https://www.oyorooms.com/officialsite/about-us,Official Company Website
ID-0413,Deepinder Goyal,Founder,Zomato,deepinder.goyal@zomato.com,zomato.com,Company/Executive,India,https://www.zomato.com/about,Official Company Website
ID-0414,Sashidhar Jagdishan,Managing Director & CEO,HDFC Bank,sashidhar.jagdishan@hdfcbank.com,hdfcbank.com,Banking/Financial,India,https://hdfc.bank.in/personal/about-us/board-of-directors,Official bank management page
ID-0415,Kaizad Bharucha,Deputy Managing Director,HDFC Bank,kaizad.bharucha@hdfcbank.com,hdfcbank.com,Banking/Financial,India,https://hdfc.bank.in/personal/about-us/board-of-directors,Official bank management page
ID-0416,Sandeep Bakhshi,Managing Director & CEO,ICICI Bank,sandeep.bakhshi@icicibank.com,icicibank.com,Banking/Financial,India,https://icici.bank.in/aboutus/board-of-directors,Official bank management page
ID-0417,Anindya Banerjee,Chief Financial Officer,ICICI Bank,anindya.banerjee@icicibank.com,icicibank.com,Banking/Financial,India,https://icici.bank.in/aboutus/board-of-directors,Official bank management page
ID-0418,Challa Sreenivasulu Setty,Chairman,State Bank of India,challa.setty@sbi.co.in,sbi.co.in,Banking/Financial,India,https://sbi.bank.in/web/about-us/board-of-directors,Official bank management page
ID-0419,Ashwini Kumar Tewari,Managing Director,State Bank of India,ashwini.tewari@sbi.co.in,sbi.co.in,Banking/Financial,India,https://sbi.bank.in/web/about-us/board-of-directors,Official bank management page
ID-0420,Debadatta Chand,Managing Director & CEO,Bank of Baroda,debadatta.chand@bankofbaroda.in,bankofbaroda.in,Banking/Financial,India,https://bankofbaroda.bank.in/board-of-directors,Official bank management page
ID-0421,Brajesh Kumar Singh,Managing Director & CEO,Canara Bank,brajesh.singh@canarabank.com,canarabank.com,Banking/Financial,India,https://canarabank.bank.in/english/about-us/organisation-structure/,Official bank management page
ID-0422,Asheesh Pandey,Managing Director & CEO,Union Bank of India,asheesh.pandey@unionbankofindia.co.in,unionbankofindia.co.in,Banking/Financial,India,https://unionbankofindia.bank.in/english/board-of-directors.aspx,Official bank management page
ID-0423,Ashok Vaswani,Managing Director & CEO,Kotak Mahindra Bank,ashok.vaswani@kotak.com,kotak.com,Banking/Financial,India,https://kotak.bank.in/about-us/board-of-directors,Official bank management page
ID-0424,Amitabh Chaudhry,Managing Director & CEO,Axis Bank,amitabh.chaudhry@axisbank.com,axisbank.com,Banking/Financial,India,https://www.axisbank.com/about-us/corporate-governance/board-of-directors,Official bank management page
ID-0425,Prashant Kumar,Managing Director & CEO,Yes Bank,prashant.kumar@yesbank.in,yesbank.in,Banking/Financial,India,https://www.yesbank.in/about-us/corporate-governance/board-of-directors,Official bank management page
ID-0426,Binod Kumar,Managing Director & CEO,Indian Bank,binod.kumar@indianbank.in,indianbank.in,Banking/Financial,India,https://indianbank.bank.in/departments/board-of-directors/,Official bank management page
ID-0427,Rajneesh Karnatak,Managing Director & CEO,Bank of India,rajneesh.karnatak@bankofindia.co.in,bankofindia.co.in,Banking/Financial,India,https://bankofindia.bank.in/english/board-of-directors.aspx,Official bank management page
ID-0428,M.V. Rao,Managing Director & CEO,Central Bank of India,rao@centralbankofindia.co.in,centralbankofindia.co.in,Banking/Financial,India,https://centralbankofindia.bank.in/en/board-of-directors,Official bank management page
ID-0429,Swarup Kumar Saha,Managing Director & CEO,Punjab & Sind Bank,swarup.saha@psbindia.com,psbindia.com,Banking/Financial,India,https://punjabandsindbank.bank.in/English/Board-of-Directors,Official bank management page
ID-0430,Ashwani Kumar,Managing Director & CEO,UCO Bank,ashwani.kumar@ucobank.com,ucobank.com,Banking/Financial,India,https://ucobank.bank.in/english/board-of-directors.aspx,Official bank management page
ID-0431,Ajay Kumar Srivastava,Managing Director & CEO,Indian Overseas Bank,ajay.srivastava@iob.in,iob.in,Banking/Financial,India,https://iob.bank.in/English/board-of-directors.aspx,Official bank management page
ID-0432,Nidhu Saxena,Managing Director & CEO,Bank of Maharashtra,nidhu.saxena@bankofmaharashtra.in,bankofmaharashtra.in,Banking/Financial,India,https://bankofmaharashtra.bank.in/board-of-directors,Official bank management page
ID-0433,Harsha Bangari,Managing Director,Export-Import Bank of India,harsha.bangari@eximbankindia.in,eximbankindia.in,Banking/Financial,India,https://www.eximbankindia.in/about-us,Official Institutional Directory
ID-0434,Sarada Kumar Hota,Managing Director,National Housing Bank,sarada.hota@nhb.org.in,nhb.org.in,Banking/Financial,India,https://nhb.org.in/about-nhb/,Official Institutional Directory
ID-0435,Tuhin Kanta Pandey,Chairman,Securities and Exchange Board of India,chairman@sebi.gov.in,sebi.gov.in,Regulator,India,https://www.sebi.gov.in/sebiweb/other/OtherAction.do?doRecognised=yes,Official Regulatory Website
ID-0436,Kamlesh Chandra Varshney,Whole-Time Member,Securities and Exchange Board of India,kamlesh.varshney@sebi.gov.in,sebi.gov.in,Regulator,India,https://www.sebi.gov.in/sebiweb/other/OtherAction.do?doRecognised=yes,Official Regulatory Website
ID-0437,Anil Kumar Lahoti,Chairman,Telecom Regulatory Authority of India,chairman@trai.gov.in,trai.gov.in,Regulator,India,https://www.trai.gov.in/about-us/chairman,Official Regulatory Website
ID-0438,Ajay Seth,Chairman,Insurance Regulatory and Development Authority of India,chairman@irdai.gov.in,irdai.gov.in,Regulator,India,https://irdai.gov.in/about-us,Official Regulatory Website
ID-0439,Ravi Mital,Chairperson,Insolvency and Bankruptcy Board of India,ravi.mital@ibbi.gov.in,ibbi.gov.in,Regulator,India,https://ibbi.gov.in/about/chairperson,Official Regulatory Website
ID-0440,Sanjay Malhotra,Governor,Reserve Bank of India,sanjay.malhotra@rbi.org.in,rbi.org.in,Regulator,India,https://www.rbi.org.in/scripts/governors.aspx,Official Regulatory Website
ID-0441,Shaji Krishnan V.,Chairman,NABARD,shaji.v@nabard.org,nabard.org,Banking/Financial,India,https://www.nabard.org/auth/writereaddata/CareerNotices/1203225442About-Us.html,Official Institutional Directory
ID-0442,Manoj Mittal,Chairman & Managing Director,SIDBI,manoj.mittal@sidbi.in,sidbi.in,Banking/Financial,India,https://www.sidbi.in/en/about-sidbi,Official Institutional Directory
ID-0443,Arun Kumar Singh,Chairman & CEO,ONGC,arun.singh@ongcindia.com,ongcindia.com,PSU/Public Institution,India,https://www.ongcindia.com/wps/wcm/connect/en/about-ongc/board-of-directors/,Official Company Website
ID-0444,Gurdeep Singh,Chairman & Managing Director,NTPC,gurdeep.singh@ntpc.co.in,ntpc.co.in,PSU/Public Institution,India,https://www.ntpc.co.in/en/corporate-profile/board-directors,Official Company Website
ID-0445,K. Sadashiv Murthy,Chairman & Managing Director,BHEL,sadashiv.murthy@bhel.com,bhel.com,PSU/Public Institution,India,https://www.bhel.com/about-bhel/board-directors,Official Company Website
ID-0446,Ashok Kumar Panda,Chairman & Managing Director,SAIL,ashok.panda@sail.co.in,sail.co.in,PSU/Public Institution,India,https://www.sail.co.in/en/about-sail/chairman-manage-director,Official Company Website
ID-0447,Sandeep Kumar Gupta,Chairman & Managing Director,GAIL,sandeep.gupta@gailonline.com,gailonline.com,PSU/Public Institution,India,https://gailonline.com/BoardOfDirectors.html,Official Company Website
ID-0448,Arvinder Singh Sahney,Chairman,Indian Oil Corporation,arvinder.sahney@iocl.com,iocl.com,PSU/Public Institution,India,https://iocl.com/board-of-directors,Official Company Website
ID-0449,G. Krishnakumar,Chairman & Managing Director,Bharat Petroleum,krishnakumar@bharatpetroleum.in,bharatpetroleum.in,PSU/Public Institution,India,https://www.bharatpetroleum.in/about-us/board-of-directors.aspx,Official Company Website
ID-0450,C.B. Ananthakrishnan,Chairman & Managing Director,Hindustan Aeronautics Limited,ananthakrishnan@hal-india.co.in,hal-india.co.in,PSU/Public Institution,India,https://hal-india.co.in/Organization%20Structure/M__17,Official Company Website
ID-0451,R.K. Tyagi,Chairman & Managing Director,Power Grid Corporation,tyagi@powergrid.in,powergrid.in,PSU/Public Institution,India,https://www.powergrid.in/about-us/board-directors,Official Company Website
ID-0452,P.M. Prasad,Chairman,Coal India,prasad@coalindia.in,coalindia.in,PSU/Public Institution,India,https://www.coalindia.in/en/board-of-directors.html,Official Company Website
ID-0453,Siddhartha Mohanty,Chairman,Life Insurance Corporation of India,siddhartha.mohanty@licindia.in,licindia.in,PSU/Public Institution,India,https://licindia.in/about-us/board-of-directors,Official Company Website
ID-0454,Ramaswamy N.,CMD,New India Assurance,ramaswamy.n@newindia.co.in,newindia.co.in,PSU/Public Institution,India,https://www.newindia.co.in/portal/about/management,Official Company Website
ID-0455,Dilip Asbe,Managing Director & CEO,National Payments Corporation of India,dilip.asbe@npci.org.in,npci.org.in,PSU/Public Institution,India,https://www.npci.org.in/who-we-are/our-team,Official Institutional Directory
ID-0456,Sundararaman Ramamurthy,Managing Director & CEO,BSE,sundararaman.ramamurthy@bseindia.com,bseindia.com,Banking/Financial,India,https://www.bseindia.com/static/about/management.html,Official Institutional Directory
ID-0457,Ashishkumar Chauhan,Managing Director & CEO,NSE,ashishkumar.chauhan@nseindia.com,nseindia.com,Banking/Financial,India,https://www.nseindia.com/about/management,Official Institutional Directory
ID-0458,Padmaja Chunduru,Managing Director & CEO,NSDL,padmaja.chunduru@nsdl.co.in,nsdl.co.in,Banking/Financial,India,https://nsdl.co.in/about-us/board-of-directors.php,Official Institutional Directory
ID-0459,Nehal Vora,Managing Director & CEO,CDSL,nehal.vora@cdslindia.com,cdslindia.com,Banking/Financial,India,https://www.cdslindia.com/About/BoardofDirectors.html,Official Institutional Directory
ID-0460,Rajneesh Narang,Chairman & Managing Director,HPCL,rajneesh.narang@hindustanpetroleum.com,hindustanpetroleum.com,PSU/Public Institution,India,https://www.hindustanpetroleum.com/pages/board-of-directors,Official Company Website
ID-0461,Manoj Jain,Chairman & Managing Director,Bharat Electronics Limited,manoj.jain@bel-india.in,bel-india.in,PSU/Public Institution,India,https://www.bel-india.in/ContentPage.aspx?MId=30&CId=30,Official Company Website
ID-0462,R.K. Vishnoi,Chairman & Managing Director,NHPC Limited,vishnoi@nhpcindia.com,nhpcindia.com,PSU/Public Institution,India,https://www.nhpcindia.com/board-of-directors,Official Company Website
ID-0463,Sanjeev Singhal,Chairman & Managing Director,Mazagon Dock Shipbuilders,sanjeev.singhal@mazagondock.in,mazagondock.in,PSU/Public Institution,India,https://mazagondock.in/board-of-directors/,Official Company Website
ID-0464,Anuj Jain,Director (Finance) & CFO,Indian Oil Corporation,anuj.jain@iocl.com,iocl.com,PSU/Public Institution,India,https://iocl.com/board-of-directors,Official Company Website
ID-0465,V. Narayanan,Chairman,ISRO,narayanan@isro.gov.in,isro.gov.in,Government,India,https://www.isro.gov.in/Chairman.html,Official Government Website
ID-0466,Samir V. Kamat,Chairman,DRDO,samir.kamat@drdo.gov.in,drdo.gov.in,Government,India,https://www.drdo.gov.in/chairman-drdo,Official Government Website
ID-0467,B.V.R. Subrahmanyam,CEO,NITI Aayog,subrahmanyam@niti.gov.in,niti.gov.in,Government,India,https://www.niti.gov.in/team-niti,Official Government Website
ID-0468,N. Kalaiselvi,Director General,CSIR,kalaiselvi@csir.res.in,csir.res.in,Government,India,https://www.csir.res.in/dg-csir,Official Government Website
ID-0469,Rajiv Bahl,Director General,ICMR,rajiv.bahl@icmr.gov.in,icmr.gov.in,Government,India,https://main.icmr.nic.in/content/director-general,Official Government Website
ID-0470,Himanshu Pathak,Director General,ICAR,himanshu.pathak@icar.org.in,icar.org.in,Government,India,https://icar.org.in/content/director-general,Official Government Website
ID-0471,Jagadesh Kumar,Chairman,University Grants Commission,jagadesh.kumar@ugc.gov.in,ugc.gov.in,Government,India,https://www.ugc.gov.in/page/Chairman.aspx,Official Government Website
ID-0472,T.G. Sitharam,Chairman,AICTE,sitharam@aicte-india.org,aicte-india.org,Government,India,https://www.aicte-india.org/about-us/Chairman,Official Government Website
ID-0473,Rangan Banerjee,Director,IIT Delhi,director@iitd.ac.in,iitd.ac.in,Education,India,https://home.iitd.ac.in/director.php,Official University Website
ID-0474,Atul Vyas,Registrar,IIT Delhi,registrar@iitd.ac.in,iitd.ac.in,Education,India,https://home.iitd.ac.in/administration.php,Official University Website
ID-0475,Arvind K. Nema,Deputy Director (Operations),IIT Delhi,director@iitd.ac.in,iitd.ac.in,Education,India,https://home.iitd.ac.in/administration.php,Official University Website
ID-0476,Manindra Agrawal,Director,IIT Kanpur,director@iitk.ac.in,iitk.ac.in,Education,India,https://www.iitk.ac.in/new/director,Official University Website
ID-0477,Ashok De,Dean of Academic Affairs,IIT Kanpur,ashok.de@iitk.ac.in,iitk.ac.in,Education,India,https://www.iitk.ac.in/new/deans,Official University Website
ID-0478,K. Umamaheshwar Rao,Director,NIT Rourkela,director@nitrkl.ac.in,nitrkl.ac.in,Education,India,https://www.nitrkl.ac.in/Director,Official University Website
ID-0479,Saroj Kumar Patel,Dean (Academic),NIT Rourkela,saroj.patel@nitrkl.ac.in,nitrkl.ac.in,Education,India,https://www.nitrkl.ac.in/Dean/Academic,Official University Website
ID-0480,Dipti Patra,"Dean (Alumni, Industry & International Relations)",NIT Rourkela,dipti.patra@nitrkl.ac.in,nitrkl.ac.in,Education,India,https://www.nitrkl.ac.in/Dean/AIIR,Official University Website
ID-0481,Bharat Bhasker,Director,IIM Ahmedabad,director@iima.ac.in,iima.ac.in,Education,India,https://www.iima.ac.in/faculty-research/administration,Official University Website
ID-0482,Rishikesha T. Krishnan,Director,IIM Bangalore,director@iimb.ac.in,iimb.ac.in,Education,India,https://www.iimb.ac.in/node/148,Official University Website
ID-0483,V.K. Tewari,Director,IIT Kharagpur,director@iitkgp.ac.in,iitkgp.ac.in,Education,India,https://www.iitkgp.ac.in/director,Official University Website
ID-0484,Devendra Jalihal,Director,IIT Guwahati,director@iitg.ac.in,iitg.ac.in,Education,India,https://www.iitg.ac.in/administration,Official University Website
ID-0485,G. Rangarajan,Director,IISc Bangalore,director@iisc.ac.in,iisc.ac.in,Education,India,https://www.iisc.ac.in/administration/,Official University Website
ID-0486,Santishree Dhulipudi Pandit,Vice Chancellor,Jawaharlal Nehru University,vc@jnu.ac.in,jnu.ac.in,Education,India,https://www.jnu.ac.in/about/administration/vice-chancellor,Official University Website
ID-0487,Sudhir Kumar Jain,Vice Chancellor,Banaras Hindu University,vc@bhu.ac.in,bhu.ac.in,Education,India,https://www.bhu.ac.in/ViceChancellor,Official University Website
ID-0488,G. Aghila,Director,NIT Tiruchirappalli,director@nitt.edu,nitt.edu,Education,India,https://www.nitt.edu/home/about/director/,Official University Website
ID-0489,V. Ramgopal Rao,Vice Chancellor,BITS Pilani,vc@pilani.bits-pilani.ac.in,bits-pilani.ac.in,Education,India,https://www.bits-pilani.ac.in/vice-chancellor/,Official University Website
ID-0490,M. Srinivas,Director,AIIMS Delhi,director@aiims.edu,aiims.edu,Education,India,https://www.aiims.edu/en/about/director.html,Official University Website
ID-0491,Manu Santhanam,Dean (Academic Research),IIT Madras,manu.santhanam@iitm.ac.in,iitm.ac.in,Education,India,https://www.iitm.ac.in/about-iitm/administration,Official University Website
ID-0492,Soumyo Mukherji,Dean (R&D),IIT Bombay,soumyo.mukherji@iitb.ac.in,iitb.ac.in,Education,India,https://www.iitb.ac.in/administration/functionaries,Official University Website
ID-0493,Bidyadhar Subudhi,Director,NIT Warangal,director@nitw.ac.in,nitw.ac.in,Education,India,https://www.nitw.ac.in/main/director/DirectorHome/,Official University Website
ID-0494,Uttam Kumar Sarkar,Director,IIM Calcutta,director@iimcal.ac.in,iimcal.ac.in,Education,India,https://www.iimcal.ac.in/about/administration,Official University Website
ID-0495,Archana Shukla,Director,IIM Lucknow,director@iiml.ac.in,iiml.ac.in,Education,India,https://www.iiml.ac.in/director,Official University Website
ID-0496,Himanshu Rai,Director,IIM Indore,director@iimidr.ac.in,iimidr.ac.in,Education,India,https://www.iimidr.ac.in/about-iim-indore/director/,Official University Website
ID-0497,Debashis Chatterjee,Director,IIM Kozhikode,director@iimk.ac.in,iimk.ac.in,Education,India,https://www.iimk.ac.in/faculty/administration/,Official University Website
ID-0498,B. Ravi,Director,"NIT Karnataka, Surathkal",director@nitk.ac.in,nitk.ac.in,Education,India,https://www.nitk.ac.in/director,Official University Website
ID-0499,Madan Pillutla,Dean,Indian School of Business,madan.pillutla@isb.edu,isb.edu,Education,India,https://www.isb.edu/en/about-isb/leadership.html,Official University Website
ID-0500,Sandip Trivedi,Director,Tata Institute of Fundamental Research,director@tifr.res.in,tifr.res.in,Education,India,https://www.tifr.res.in/director/,Official University Website
